Hierarchy,Employee Type,Department,Job Title,Common Accesses
Common Access,All,All,All,['App10 - Guest']
Common Access,All,All,All,['App10 - User']
Common Access,All,All,All,['App9 - Guest']
Department,All,Sales,All,['App2 - Power User']
Department,All,Sales,All,['App3 - Guest']
Department,All,Sales,All,['App3 - Read-Only']
Department,All,Sales,All,['App4 - Guest']
Department,All,Sales,All,['App4 - User']
Department,All,Sales,All,['App5 - Power User']
Department,All,Sales,All,['App5 - User']
Department,All,Sales,All,['App6 - Admin']
Department,All,Sales,All,['App6 - Power User']
Department,All,Sales,All,['App6 - User']
Department,All,Sales,All,['App7 - Read-Only']
Department,All,Sales,All,['App7 - User']
Department,All,Sales,All,['App8 - Admin']
Department,All,Sales,All,['App8 - Guest']
Department,All,Sales,All,['App8 - Power User']
Department,All,Legal,All,['App1 - Guest']
Department,All,Legal,All,['App1 - Power User']
Department,All,Legal,All,['App1 - Read-Only']
Department,All,Legal,All,['App1 - User']
Department,All,Legal,All,['App10 - Admin']
Department,All,Legal,All,['App2 - Admin']
Department,All,Legal,All,['App3 - Guest']
Department,All,Legal,All,['App7 - Power User']
Department,All,Legal,All,['App9 - Power User']
Department,All,Customer Service,All,['App1 - Power User']
Department,All,Customer Service,All,['App1 - Read-Only']
Department,All,Customer Service,All,['App10 - Read-Only']
Department,All,Customer Service,All,['App2 - Admin']
Department,All,Customer Service,All,['App2 - Guest']
Department,All,Customer Service,All,['App3 - Guest']
Department,All,Customer Service,All,['App3 - User']
Department,All,Customer Service,All,['App4 - Admin']
Department,All,Customer Service,All,['App5 - Admin']
Department,All,Customer Service,All,['App5 - Guest']
Department,All,Customer Service,All,['App5 - Read-Only']
Department,All,Customer Service,All,['App5 - User']
Department,All,Customer Service,All,['App6 - Guest']
Department,All,Customer Service,All,['App6 - Read-Only']
Department,All,Customer Service,All,['App6 - User']
Department,All,Customer Service,All,['App7 - Admin']
Department,All,Customer Service,All,['App7 - Power User']
Department,All,Customer Service,All,['App7 - User']
Department,All,Customer Service,All,['App8 - User']
Department,All,Customer Service,All,['App9 - Admin']
Department,All,Customer Service,All,['App9 - Power User']
Department,All,Customer Service,All,['App9 - Read-Only']
Department,All,Operations,All,['App1 - Guest']
Department,All,Operations,All,['App1 - Read-Only']
Department,All,Operations,All,['App3 - User']
Department,All,Operations,All,['App4 - Power User']
Department,All,Operations,All,['App4 - Read-Only']
Department,All,Operations,All,['App5 - User']
Department,All,Operations,All,['App6 - Guest']
Department,All,Operations,All,['App6 - User']
Department,All,Operations,All,['App7 - User']
Department,All,Operations,All,['App8 - Admin']
Department,All,Operations,All,['App8 - Guest']
Department,All,Operations,All,['App9 - User']
Department,All,Marketing,All,['App1 - Admin']
Department,All,Marketing,All,['App1 - Guest']
Department,All,Marketing,All,['App1 - Read-Only']
Department,All,Marketing,All,['App1 - User']
Department,All,Marketing,All,['App10 - Read-Only']
Department,All,Marketing,All,['App2 - Admin']
Department,All,Marketing,All,['App2 - Power User']
Department,All,Marketing,All,['App2 - Read-Only']
Department,All,Marketing,All,['App3 - Power User']
Department,All,Marketing,All,['App4 - Power User']
Department,All,Marketing,All,['App4 - Read-Only']
Department,All,Marketing,All,['App5 - Power User']
Department,All,Marketing,All,['App5 - Read-Only']
Department,All,Marketing,All,['App6 - Power User']
Department,All,Marketing,All,['App7 - Admin']
Department,All,Marketing,All,['App7 - Power User']
Department,All,Marketing,All,['App7 - Read-Only']
Department,All,Marketing,All,['App8 - Guest']
Department,All,Marketing,All,['App9 - Admin']
Department,All,Marketing,All,['App9 - Power User']
Department,All,Engineering,All,['App10 - Power User']
Department,All,Engineering,All,['App2 - Read-Only']
Department,All,Engineering,All,['App2 - User']
Department,All,Engineering,All,['App3 - Read-Only']
Department,All,Engineering,All,['App4 - Guest']
Department,All,Engineering,All,['App5 - Admin']
Department,All,Engineering,All,['App5 - Guest']
Department,All,Engineering,All,['App7 - Admin']
Department,All,Engineering,All,['App7 - Read-Only']
Department,All,Engineering,All,['App8 - Guest']
Department,All,Engineering,All,['App8 - Power User']
Department,All,Engineering,All,['App8 - Read-Only']
Department,All,Engineering,All,['App9 - Read-Only']
Department,All,Finance,All,['App1 - Admin']
Department,All,Finance,All,['App10 - Power User']
Department,All,Finance,All,['App2 - Admin']
Department,All,Finance,All,['App2 - Read-Only']
Department,All,Finance,All,['App2 - User']
Department,All,Finance,All,['App3 - Guest']
Department,All,Finance,All,['App3 - Read-Only']
Department,All,Finance,All,['App4 - Admin']
Department,All,Finance,All,['App4 - Read-Only']
Department,All,Finance,All,['App4 - User']
Department,All,Finance,All,['App5 - Admin']
Department,All,Finance,All,['App5 - Guest']
Department,All,Finance,All,['App5 - Read-Only']
Department,All,Finance,All,['App6 - User']
Department,All,Finance,All,['App7 - Admin']
Department,All,Finance,All,['App7 - Read-Only']
Department,All,Finance,All,['App8 - Admin']
Department,All,Finance,All,['App8 - User']
Department,All,Finance,All,['App9 - Admin']
Department,All,Finance,All,['App9 - Power User']
Department,All,Finance,All,['App9 - Read-Only']
Department,All,HR,All,['App10 - Admin']
Department,All,HR,All,['App10 - Power User']
Department,All,HR,All,['App3 - Admin']
Department,All,HR,All,['App4 - Power User']
Department,All,HR,All,['App4 - User']
Department,All,HR,All,['App6 - User']
Department,All,HR,All,['App7 - Admin']
Department,All,HR,All,['App7 - Guest']
Department,All,HR,All,['App7 - Power User']
Department,All,HR,All,['App8 - Power User']
Department,All,HR,All,['App8 - User']
Department,All,HR,All,['App9 - Power User']
Department,All,HR,All,['App9 - Read-Only']
Department,All,HR,All,['App9 - User']
Employee Type,Intern,All,All,['App1 - User']
Employee Type,Intern,All,All,['App2 - Guest']
Employee Type,Intern,All,All,['App2 - User']
Employee Type,Intern,All,All,['App5 - User']
Employee Type,Intern,All,All,['App6 - Guest']
Employee Type,Intern,All,All,['App7 - Power User']
Employee Type,Intern,All,All,['App8 - Admin']
Employee Type,Intern,All,All,['App8 - Guest']
Employee Type,Intern,All,All,['App8 - Power User']
Employee Type,Intern,All,All,['App8 - User']
Employee Type,Intern,All,All,['App9 - Admin']
Employee Type,Intern,All,All,['App9 - Power User']
Employee Type,Employee,All,All,['App1 - Power User']
Employee Type,Employee,All,All,['App1 - Read-Only']
Employee Type,Employee,All,All,['App10 - Power User']
Employee Type,Employee,All,All,['App2 - Admin']
Employee Type,Employee,All,All,['App3 - User']
Employee Type,Employee,All,All,['App4 - Power User']
Employee Type,Employee,All,All,['App6 - User']
Employee Type,Employee,All,All,['App7 - Read-Only']
Employee Type,Employee,All,All,['App7 - User']
Employee Type,Employee,All,All,['App8 - Guest']
Employee Type,Employee,All,All,['App9 - Read-Only']
Employee Type,Employee,All,All,['App9 - User']
Employee Type,Contractor,All,All,['App2 - Power User']
Employee Type,Contractor,All,All,['App3 - Guest']
Employee Type,Contractor,All,All,['App4 - Admin']
Employee Type,Contractor,All,All,['App4 - Power User']
Employee Type,Contractor,All,All,['App6 - User']
Employee Type,Contractor,All,All,['App9 - Read-Only']
Employee Type + Department,Intern,Sales,All,['App1 - Read-Only']
Employee Type + Department,Intern,Sales,All,['App3 - User']
Employee Type + Department,Intern,Sales,All,['App5 - Admin']
Employee Type + Department,Intern,Sales,All,['App5 - Guest']
Employee Type + Department,Intern,Sales,All,['App7 - Admin']
Employee Type + Department,Intern,Sales,All,['App7 - Guest']
Employee Type + Job Title + Department,Intern,Sales,Director,['App1 - Admin']
Employee Type + Job Title + Department,Intern,Sales,Director,['App10 - Power User']
Employee Type + Job Title + Department,Intern,Sales,Director,['App10 - Read-Only']
Employee Type + Job Title + Department,Intern,Sales,Director,['App2 - Admin']
Employee Type + Job Title + Department,Intern,Sales,Director,['App2 - Read-Only']
Employee Type + Job Title + Department,Intern,Sales,Director,['App3 - Admin']
Employee Type + Job Title + Department,Intern,Sales,Director,['App4 - Admin']
Employee Type + Job Title + Department,Intern,Sales,Director,['App4 - Read-Only']
Employee Type + Job Title + Department,Intern,Sales,Director,['App6 - Read-Only']
Employee Type + Job Title + Department,Intern,Sales,Director,['App8 - Read-Only']
Employee Type + Job Title + Department,Intern,Sales,Director,['App9 - Read-Only']
Employee Type + Job Title + Department,Intern,Sales,Consultant,['App1 - Admin']
Employee Type + Job Title + Department,Intern,Sales,Consultant,['App1 - Guest']
Employee Type + Job Title + Department,Intern,Sales,Consultant,['App10 - Admin']
Employee Type + Job Title + Department,Intern,Sales,Consultant,['App10 - Read-Only']
Employee Type + Job Title + Department,Intern,Sales,Consultant,['App2 - Admin']
Employee Type + Job Title + Department,Intern,Sales,Consultant,['App2 - Read-Only']
Employee Type + Job Title + Department,Intern,Sales,Consultant,['App4 - Power User']
Employee Type + Job Title + Department,Intern,Sales,Consultant,['App4 - Read-Only']
Employee Type + Job Title + Department,Intern,Sales,Consultant,['App8 - Read-Only']
Employee Type + Job Title + Department,Intern,Sales,Consultant,['App9 - Read-Only']
Employee Type + Job Title + Department,Intern,Sales,Coordinator,['App1 - Admin']
Employee Type + Job Title + Department,Intern,Sales,Coordinator,['App1 - Guest']
Employee Type + Job Title + Department,Intern,Sales,Coordinator,['App1 - Power User']
Employee Type + Job Title + Department,Intern,Sales,Coordinator,['App3 - Power User']
Employee Type + Job Title + Department,Intern,Sales,Coordinator,['App4 - Admin']
Employee Type + Job Title + Department,Intern,Sales,Coordinator,['App4 - Power User']
Employee Type + Job Title + Department,Intern,Sales,Coordinator,['App5 - Read-Only']
Employee Type + Job Title + Department,Intern,Sales,Coordinator,['App6 - Read-Only']
Employee Type + Job Title + Department,Intern,Sales,Coordinator,['App9 - User']
Employee Type + Job Title + Department,Intern,Sales,Manager,['App1 - Guest']
Employee Type + Job Title + Department,Intern,Sales,Manager,['App4 - Power User']
Employee Type + Job Title + Department,Intern,Sales,Manager,['App6 - Read-Only']
Employee Type + Job Title + Department,Intern,Sales,Manager,['App8 - Read-Only']
Employee Type + Job Title + Department,Intern,Sales,Analyst,['App1 - Guest']
Employee Type + Job Title + Department,Intern,Sales,Analyst,['App5 - Read-Only']
Employee Type + Job Title + Department,Intern,Sales,Associate,['App10 - Power User']
Employee Type + Job Title + Department,Intern,Sales,Associate,['App3 - Admin']
Employee Type + Job Title + Department,Intern,Sales,Associate,['App3 - Power User']
Employee Type + Job Title + Department,Intern,Sales,Associate,['App6 - Read-Only']
Employee Type + Job Title + Department,Intern,Sales,Associate,['App9 - User']
Employee Type + Job Title + Department,Intern,Sales,Specialist,['App1 - Guest']
Employee Type + Job Title + Department,Intern,Sales,Specialist,['App10 - Power User']
Employee Type + Job Title + Department,Intern,Sales,Specialist,['App3 - Admin']
Employee Type + Department,Employee,Sales,All,['App9 - Admin']
Employee Type + Job Title + Department,Employee,Sales,Associate,['App1 - User']
Employee Type + Job Title + Department,Employee,Sales,Associate,['App4 - Admin']
Employee Type + Job Title + Department,Employee,Sales,Coordinator,['App1 - Admin']
Employee Type + Job Title + Department,Employee,Sales,Coordinator,['App1 - Guest']
Employee Type + Job Title + Department,Employee,Sales,Coordinator,['App10 - Read-Only']
Employee Type + Job Title + Department,Employee,Sales,Coordinator,['App3 - Admin']
Employee Type + Job Title + Department,Employee,Sales,Coordinator,['App3 - Power User']
Employee Type + Job Title + Department,Employee,Sales,Coordinator,['App5 - Read-Only']
Employee Type + Job Title + Department,Employee,Sales,Coordinator,['App6 - Guest']
Employee Type + Job Title + Department,Employee,Sales,Coordinator,['App8 - Read-Only']
Employee Type + Job Title + Department,Employee,Sales,Coordinator,['App8 - User']
Employee Type + Job Title + Department,Employee,Sales,Director,['App1 - User']
Employee Type + Job Title + Department,Employee,Sales,Director,['App10 - Read-Only']
Employee Type + Job Title + Department,Employee,Sales,Director,['App4 - Read-Only']
Employee Type + Job Title + Department,Employee,Sales,Director,['App5 - Read-Only']
Employee Type + Job Title + Department,Employee,Sales,Director,['App6 - Guest']
Employee Type + Job Title + Department,Employee,Sales,Director,['App6 - Read-Only']
Employee Type + Job Title + Department,Employee,Sales,Director,['App8 - Read-Only']
Employee Type + Job Title + Department,Employee,Sales,Director,['App9 - Power User']
Employee Type + Job Title + Department,Employee,Sales,Manager,['App1 - Guest']
Employee Type + Job Title + Department,Employee,Sales,Manager,['App1 - User']
Employee Type + Job Title + Department,Employee,Sales,Manager,['App10 - Admin']
Employee Type + Job Title + Department,Employee,Sales,Manager,['App2 - Guest']
Employee Type + Job Title + Department,Employee,Sales,Manager,['App2 - Read-Only']
Employee Type + Job Title + Department,Employee,Sales,Manager,['App3 - Admin']
Employee Type + Job Title + Department,Employee,Sales,Manager,['App3 - Power User']
Employee Type + Job Title + Department,Employee,Sales,Manager,['App8 - Read-Only']
Employee Type + Job Title + Department,Employee,Sales,Manager,['App9 - Power User']
Employee Type + Job Title + Department,Employee,Sales,Specialist,['App1 - Guest']
Employee Type + Job Title + Department,Employee,Sales,Specialist,['App10 - Read-Only']
Employee Type + Job Title + Department,Employee,Sales,Specialist,['App2 - Guest']
Employee Type + Job Title + Department,Employee,Sales,Specialist,['App2 - Read-Only']
Employee Type + Job Title + Department,Employee,Sales,Specialist,['App4 - Read-Only']
Employee Type + Job Title + Department,Employee,Sales,Specialist,['App6 - Guest']
Employee Type + Job Title + Department,Employee,Sales,Specialist,['App8 - User']
Employee Type + Job Title + Department,Employee,Sales,Analyst,['App1 - User']
Employee Type + Job Title + Department,Employee,Sales,Analyst,['App2 - User']
Employee Type + Job Title + Department,Employee,Sales,Analyst,['App3 - Admin']
Employee Type + Job Title + Department,Employee,Sales,Analyst,['App4 - Admin']
Employee Type + Job Title + Department,Employee,Sales,Analyst,['App6 - Read-Only']
Employee Type + Job Title + Department,Employee,Sales,Analyst,['App7 - Power User']
Employee Type + Job Title + Department,Employee,Sales,Consultant,['App2 - Guest']
Employee Type + Job Title + Department,Employee,Sales,Consultant,['App2 - User']
Employee Type + Job Title + Department,Employee,Sales,Consultant,['App6 - Guest']
Employee Type + Job Title + Department,Employee,Sales,Consultant,['App8 - User']
Employee Type + Department,Contractor,Sales,All,['App1 - User']
Employee Type + Department,Contractor,Sales,All,['App9 - Power User']
Employee Type + Job Title + Department,Contractor,Sales,Associate,['App1 - Guest']
Employee Type + Job Title + Department,Contractor,Sales,Associate,['App10 - Admin']
Employee Type + Job Title + Department,Contractor,Sales,Associate,['App2 - Guest']
Employee Type + Job Title + Department,Contractor,Sales,Associate,['App2 - Read-Only']
Employee Type + Job Title + Department,Contractor,Sales,Associate,['App2 - User']
Employee Type + Job Title + Department,Contractor,Sales,Associate,['App4 - Read-Only']
Employee Type + Job Title + Department,Contractor,Sales,Associate,['App7 - Power User']
Employee Type + Job Title + Department,Contractor,Sales,Associate,['App9 - User']
Employee Type + Job Title + Department,Contractor,Sales,Specialist,['App1 - Power User']
Employee Type + Job Title + Department,Contractor,Sales,Specialist,['App10 - Power User']
Employee Type + Job Title + Department,Contractor,Sales,Specialist,['App2 - Guest']
Employee Type + Job Title + Department,Contractor,Sales,Specialist,['App2 - User']
Employee Type + Job Title + Department,Contractor,Sales,Specialist,['App3 - Admin']
Employee Type + Job Title + Department,Contractor,Sales,Specialist,['App3 - Power User']
Employee Type + Job Title + Department,Contractor,Sales,Specialist,['App4 - Read-Only']
Employee Type + Job Title + Department,Contractor,Sales,Specialist,['App5 - Read-Only']
Employee Type + Job Title + Department,Contractor,Sales,Specialist,['App6 - Guest']
Employee Type + Job Title + Department,Contractor,Sales,Specialist,['App6 - Read-Only']
Employee Type + Job Title + Department,Contractor,Sales,Analyst,['App2 - Admin']
Employee Type + Job Title + Department,Contractor,Sales,Analyst,['App3 - Power User']
Employee Type + Job Title + Department,Contractor,Sales,Analyst,['App4 - Read-Only']
Employee Type + Job Title + Department,Contractor,Sales,Analyst,['App6 - Read-Only']
Employee Type + Job Title + Department,Contractor,Sales,Manager,['App10 - Admin']
Employee Type + Job Title + Department,Contractor,Sales,Manager,['App10 - Power User']
Employee Type + Job Title + Department,Contractor,Sales,Manager,['App2 - Admin']
Employee Type + Job Title + Department,Contractor,Sales,Manager,['App2 - Guest']
Employee Type + Job Title + Department,Contractor,Sales,Manager,['App2 - User']
Employee Type + Job Title + Department,Contractor,Sales,Manager,['App3 - Power User']
Employee Type + Job Title + Department,Contractor,Sales,Manager,['App4 - Read-Only']
Employee Type + Job Title + Department,Contractor,Sales,Manager,['App5 - Read-Only']
Employee Type + Job Title + Department,Contractor,Sales,Manager,['App6 - Read-Only']
Employee Type + Job Title + Department,Contractor,Sales,Coordinator,['App1 - Guest']
Employee Type + Job Title + Department,Contractor,Sales,Coordinator,['App1 - Power User']
Employee Type + Job Title + Department,Contractor,Sales,Coordinator,['App10 - Read-Only']
Employee Type + Job Title + Department,Contractor,Sales,Coordinator,['App3 - Admin']
Employee Type + Job Title + Department,Contractor,Sales,Coordinator,['App3 - Power User']
Employee Type + Job Title + Department,Contractor,Sales,Coordinator,['App4 - Read-Only']
Employee Type + Job Title + Department,Contractor,Sales,Coordinator,['App5 - Read-Only']
Employee Type + Job Title + Department,Contractor,Sales,Coordinator,['App6 - Guest']
Employee Type + Job Title + Department,Contractor,Sales,Coordinator,['App8 - Read-Only']
Employee Type + Job Title + Department,Contractor,Sales,Coordinator,['App8 - User']
Employee Type + Job Title + Department,Contractor,Sales,Coordinator,['App9 - User']
Employee Type + Job Title + Department,Contractor,Sales,Director,['App1 - Admin']
Employee Type + Job Title + Department,Contractor,Sales,Director,['App10 - Admin']
Employee Type + Job Title + Department,Contractor,Sales,Director,['App10 - Read-Only']
Employee Type + Job Title + Department,Contractor,Sales,Director,['App2 - Guest']
Employee Type + Job Title + Department,Contractor,Sales,Director,['App3 - Admin']
Employee Type + Job Title + Department,Contractor,Sales,Director,['App6 - Read-Only']
Employee Type + Job Title + Department,Contractor,Sales,Director,['App8 - Read-Only']
Employee Type + Job Title + Department,Contractor,Sales,Director,['App9 - User']
Employee Type + Job Title + Department,Contractor,Sales,Consultant,['App1 - Guest']
Employee Type + Job Title + Department,Contractor,Sales,Consultant,['App10 - Admin']
Employee Type + Job Title + Department,Contractor,Sales,Consultant,['App10 - Power User']
Employee Type + Job Title + Department,Contractor,Sales,Consultant,['App2 - User']
Employee Type + Job Title + Department,Contractor,Sales,Consultant,['App8 - Read-Only']
Employee Type + Job Title + Department,Contractor,Sales,Consultant,['App8 - User']
Employee Type + Department,Intern,Legal,All,['App1 - Admin']
Employee Type + Department,Intern,Legal,All,['App10 - Power User']
Employee Type + Department,Intern,Legal,All,['App10 - Read-Only']
Employee Type + Department,Intern,Legal,All,['App2 - Power User']
Employee Type + Department,Intern,Legal,All,['App2 - Read-Only']
Employee Type + Department,Intern,Legal,All,['App3 - Power User']
Employee Type + Department,Intern,Legal,All,['App4 - Power User']
Employee Type + Department,Intern,Legal,All,['App4 - Read-Only']
Employee Type + Department,Intern,Legal,All,['App5 - Power User']
Employee Type + Department,Intern,Legal,All,['App7 - Guest']
Employee Type + Job Title + Department,Intern,Legal,Analyst,['App5 - Guest']
Employee Type + Job Title + Department,Intern,Legal,Analyst,['App6 - Admin']
Employee Type + Job Title + Department,Intern,Legal,Analyst,['App6 - Read-Only']
Employee Type + Job Title + Department,Intern,Legal,Analyst,['App6 - User']
Employee Type + Job Title + Department,Intern,Legal,Analyst,['App7 - User']
Employee Type + Job Title + Department,Intern,Legal,Analyst,['App8 - Read-Only']
Employee Type + Job Title + Department,Intern,Legal,Analyst,['App9 - User']
Employee Type + Job Title + Department,Intern,Legal,Director,['App3 - Admin']
Employee Type + Job Title + Department,Intern,Legal,Director,['App5 - Admin']
Employee Type + Job Title + Department,Intern,Legal,Director,['App6 - Admin']
Employee Type + Job Title + Department,Intern,Legal,Director,['App9 - Read-Only']
Employee Type + Job Title + Department,Intern,Legal,Director,['App9 - User']
Employee Type + Job Title + Department,Intern,Legal,Associate,['App3 - Admin']
Employee Type + Job Title + Department,Intern,Legal,Associate,['App4 - Guest']
Employee Type + Job Title + Department,Intern,Legal,Associate,['App4 - User']
Employee Type + Job Title + Department,Intern,Legal,Associate,['App5 - Admin']
Employee Type + Job Title + Department,Intern,Legal,Associate,['App5 - Read-Only']
Employee Type + Job Title + Department,Intern,Legal,Associate,['App6 - Admin']
Employee Type + Job Title + Department,Intern,Legal,Associate,['App6 - Read-Only']
Employee Type + Job Title + Department,Intern,Legal,Associate,['App7 - User']
Employee Type + Job Title + Department,Intern,Legal,Associate,['App8 - Read-Only']
Employee Type + Job Title + Department,Intern,Legal,Associate,['App9 - Read-Only']
Employee Type + Job Title + Department,Intern,Legal,Specialist,['App3 - Admin']
Employee Type + Job Title + Department,Intern,Legal,Specialist,['App4 - Admin']
Employee Type + Job Title + Department,Intern,Legal,Specialist,['App4 - User']
Employee Type + Job Title + Department,Intern,Legal,Specialist,['App9 - User']
Employee Type + Job Title + Department,Intern,Legal,Consultant,['App3 - Admin']
Employee Type + Job Title + Department,Intern,Legal,Consultant,['App3 - Read-Only']
Employee Type + Job Title + Department,Intern,Legal,Consultant,['App6 - Power User']
Employee Type + Job Title + Department,Intern,Legal,Consultant,['App7 - Read-Only']
Employee Type + Job Title + Department,Intern,Legal,Consultant,['App8 - Read-Only']
Employee Type + Job Title + Department,Intern,Legal,Coordinator,['App3 - User']
Employee Type + Job Title + Department,Intern,Legal,Coordinator,['App4 - Guest']
Employee Type + Job Title + Department,Intern,Legal,Coordinator,['App4 - User']
Employee Type + Job Title + Department,Intern,Legal,Coordinator,['App5 - Guest']
Employee Type + Job Title + Department,Intern,Legal,Coordinator,['App6 - Admin']
Employee Type + Job Title + Department,Intern,Legal,Coordinator,['App6 - Power User']
Employee Type + Job Title + Department,Intern,Legal,Coordinator,['App9 - Read-Only']
Employee Type + Job Title + Department,Intern,Legal,Manager,['App3 - User']
Employee Type + Job Title + Department,Intern,Legal,Manager,['App4 - Admin']
Employee Type + Job Title + Department,Intern,Legal,Manager,['App4 - Guest']
Employee Type + Job Title + Department,Intern,Legal,Manager,['App6 - Power User']
Employee Type + Job Title + Department,Intern,Legal,Manager,['App6 - Read-Only']
Employee Type + Job Title + Department,Intern,Legal,Manager,['App7 - Admin']
Employee Type + Job Title + Department,Intern,Legal,Manager,['App7 - Read-Only']
Employee Type + Job Title + Department,Intern,Legal,Manager,['App8 - Read-Only']
Employee Type + Job Title + Department,Intern,Legal,Manager,['App9 - User']
Employee Type + Department,Contractor,Legal,All,['App5 - Guest']
Employee Type + Department,Contractor,Legal,All,['App7 - Admin']
Employee Type + Department,Contractor,Legal,All,['App7 - Read-Only']
Employee Type + Department,Contractor,Legal,All,['App8 - Power User']
Employee Type + Department,Contractor,Legal,All,['App9 - Admin']
Employee Type + Job Title + Department,Contractor,Legal,Analyst,['App3 - Admin']
Employee Type + Job Title + Department,Contractor,Legal,Analyst,['App4 - User']
Employee Type + Job Title + Department,Contractor,Legal,Analyst,['App5 - Admin']
Employee Type + Job Title + Department,Contractor,Legal,Analyst,['App6 - Admin']
Employee Type + Job Title + Department,Contractor,Legal,Analyst,['App9 - User']
Employee Type + Job Title + Department,Contractor,Legal,Manager,['App3 - Admin']
Employee Type + Job Title + Department,Contractor,Legal,Manager,['App3 - Read-Only']
Employee Type + Job Title + Department,Contractor,Legal,Manager,['App3 - User']
Employee Type + Job Title + Department,Contractor,Legal,Manager,['App4 - User']
Employee Type + Job Title + Department,Contractor,Legal,Manager,['App5 - Read-Only']
Employee Type + Job Title + Department,Contractor,Legal,Manager,['App6 - Admin']
Employee Type + Job Title + Department,Contractor,Legal,Manager,['App6 - Power User']
Employee Type + Job Title + Department,Contractor,Legal,Manager,['App8 - Admin']
Employee Type + Job Title + Department,Contractor,Legal,Manager,['App8 - Guest']
Employee Type + Job Title + Department,Contractor,Legal,Manager,['App8 - Read-Only']
Employee Type + Job Title + Department,Contractor,Legal,Manager,['App9 - User']
Employee Type + Job Title + Department,Contractor,Legal,Consultant,['App3 - Read-Only']
Employee Type + Job Title + Department,Contractor,Legal,Consultant,['App4 - Guest']
Employee Type + Job Title + Department,Contractor,Legal,Consultant,['App5 - Admin']
Employee Type + Job Title + Department,Contractor,Legal,Consultant,['App6 - Guest']
Employee Type + Job Title + Department,Contractor,Legal,Consultant,['App6 - Read-Only']
Employee Type + Job Title + Department,Contractor,Legal,Consultant,['App7 - User']
Employee Type + Job Title + Department,Contractor,Legal,Consultant,['App8 - Guest']
Employee Type + Job Title + Department,Contractor,Legal,Consultant,['App8 - Read-Only']
Employee Type + Job Title + Department,Contractor,Legal,Associate,['App5 - Admin']
Employee Type + Job Title + Department,Contractor,Legal,Associate,['App5 - Read-Only']
Employee Type + Job Title + Department,Contractor,Legal,Associate,['App5 - User']
Employee Type + Job Title + Department,Contractor,Legal,Associate,['App7 - User']
Employee Type + Job Title + Department,Contractor,Legal,Coordinator,['App4 - Guest']
Employee Type + Job Title + Department,Contractor,Legal,Coordinator,['App6 - Guest']
Employee Type + Job Title + Department,Contractor,Legal,Director,['App6 - Read-Only']
Employee Type + Job Title + Department,Contractor,Legal,Director,['App7 - User']
Employee Type + Job Title + Department,Contractor,Legal,Director,['App8 - Guest']
Employee Type + Job Title + Department,Contractor,Legal,Specialist,['App3 - User']
Employee Type + Department,Employee,Legal,All,['App2 - Guest']
Employee Type + Department,Employee,Legal,All,['App4 - Guest']
Employee Type + Department,Employee,Legal,All,['App6 - Read-Only']
Employee Type + Department,Employee,Legal,All,['App8 - Admin']
Employee Type + Department,Employee,Legal,All,['App8 - User']
Employee Type + Job Title + Department,Employee,Legal,Analyst,['App3 - Read-Only']
Employee Type + Job Title + Department,Employee,Legal,Analyst,['App5 - Read-Only']
Employee Type + Job Title + Department,Employee,Legal,Analyst,['App6 - Admin']
Employee Type + Job Title + Department,Employee,Legal,Director,['App2 - User']
Employee Type + Job Title + Department,Employee,Legal,Director,['App5 - Admin']
Employee Type + Job Title + Department,Employee,Legal,Director,['App5 - User']
Employee Type + Job Title + Department,Employee,Legal,Director,['App6 - Admin']
Employee Type + Job Title + Department,Employee,Legal,Manager,['App4 - User']
Employee Type + Job Title + Department,Employee,Legal,Manager,['App5 - User']
Employee Type + Job Title + Department,Employee,Legal,Consultant,['App5 - Admin']
Employee Type + Job Title + Department,Employee,Legal,Consultant,['App6 - Guest']
Employee Type + Job Title + Department,Employee,Legal,Consultant,['App6 - Power User']
Employee Type + Job Title + Department,Employee,Legal,Specialist,['App4 - Admin']
Employee Type + Job Title + Department,Employee,Legal,Specialist,['App4 - User']
Employee Type + Job Title + Department,Employee,Legal,Specialist,['App5 - Admin']
Employee Type + Job Title + Department,Employee,Legal,Specialist,['App5 - Read-Only']
Employee Type + Job Title + Department,Employee,Legal,Specialist,['App8 - Read-Only']
Employee Type + Job Title + Department,Employee,Legal,Associate,['App2 - User']
Employee Type + Job Title + Department,Employee,Legal,Associate,['App3 - Admin']
Employee Type + Job Title + Department,Employee,Legal,Associate,['App3 - Read-Only']
Employee Type + Job Title + Department,Employee,Legal,Coordinator,['App2 - User']
Employee Type + Job Title + Department,Employee,Legal,Coordinator,['App3 - Admin']
Employee Type + Job Title + Department,Employee,Legal,Coordinator,['App4 - User']
Employee Type + Job Title + Department,Employee,Legal,Coordinator,['App5 - Read-Only']
Employee Type + Job Title + Department,Employee,Legal,Coordinator,['App6 - Guest']
Employee Type + Job Title + Department,Employee,Legal,Coordinator,['App6 - Power User']
Employee Type + Job Title + Department,Employee,Legal,Coordinator,['App8 - Read-Only']
Employee Type + Department,Employee,Customer Service,All,['App10 - Admin']
Employee Type + Department,Employee,Customer Service,All,['App4 - Read-Only']
Employee Type + Department,Employee,Customer Service,All,['App6 - Admin']
Employee Type + Job Title + Department,Employee,Customer Service,Associate,['App1 - Guest']
Employee Type + Job Title + Department,Employee,Customer Service,Associate,['App2 - Read-Only']
Employee Type + Job Title + Department,Employee,Customer Service,Associate,['App3 - Admin']
Employee Type + Job Title + Department,Employee,Customer Service,Associate,['App4 - Guest']
Employee Type + Job Title + Department,Employee,Customer Service,Associate,['App4 - User']
Employee Type + Job Title + Department,Employee,Customer Service,Associate,['App6 - Power User']
Employee Type + Job Title + Department,Employee,Customer Service,Associate,['App7 - Guest']
Employee Type + Job Title + Department,Employee,Customer Service,Consultant,['App1 - Admin']
Employee Type + Job Title + Department,Employee,Customer Service,Consultant,['App1 - User']
Employee Type + Job Title + Department,Employee,Customer Service,Consultant,['App2 - User']
Employee Type + Job Title + Department,Employee,Customer Service,Consultant,['App3 - Admin']
Employee Type + Job Title + Department,Employee,Customer Service,Consultant,['App3 - Power User']
Employee Type + Job Title + Department,Employee,Customer Service,Consultant,['App4 - Guest']
Employee Type + Job Title + Department,Employee,Customer Service,Consultant,['App4 - User']
Employee Type + Job Title + Department,Employee,Customer Service,Consultant,['App5 - Power User']
Employee Type + Job Title + Department,Employee,Customer Service,Consultant,['App8 - Read-Only']
Employee Type + Job Title + Department,Employee,Customer Service,Manager,['App1 - Admin']
Employee Type + Job Title + Department,Employee,Customer Service,Manager,['App2 - Read-Only']
Employee Type + Job Title + Department,Employee,Customer Service,Manager,['App2 - User']
Employee Type + Job Title + Department,Employee,Customer Service,Manager,['App3 - Power User']
Employee Type + Job Title + Department,Employee,Customer Service,Manager,['App5 - Power User']
Employee Type + Job Title + Department,Employee,Customer Service,Manager,['App8 - Power User']
Employee Type + Job Title + Department,Employee,Customer Service,Specialist,['App1 - Admin']
Employee Type + Job Title + Department,Employee,Customer Service,Specialist,['App1 - Guest']
Employee Type + Job Title + Department,Employee,Customer Service,Specialist,['App1 - User']
Employee Type + Job Title + Department,Employee,Customer Service,Specialist,['App2 - Power User']
Employee Type + Job Title + Department,Employee,Customer Service,Specialist,['App2 - User']
Employee Type + Job Title + Department,Employee,Customer Service,Specialist,['App6 - Power User']
Employee Type + Job Title + Department,Employee,Customer Service,Specialist,['App8 - Power User']
Employee Type + Job Title + Department,Employee,Customer Service,Director,['App1 - Admin']
Employee Type + Job Title + Department,Employee,Customer Service,Director,['App7 - Guest']
Employee Type + Job Title + Department,Employee,Customer Service,Director,['App8 - Admin']
Employee Type + Job Title + Department,Employee,Customer Service,Director,['App8 - Power User']
Employee Type + Job Title + Department,Employee,Customer Service,Director,['App8 - Read-Only']
Employee Type + Job Title + Department,Employee,Customer Service,Analyst,['App2 - Read-Only']
Employee Type + Job Title + Department,Employee,Customer Service,Analyst,['App3 - Power User']
Employee Type + Job Title + Department,Employee,Customer Service,Analyst,['App3 - Read-Only']
Employee Type + Job Title + Department,Employee,Customer Service,Analyst,['App4 - User']
Employee Type + Job Title + Department,Employee,Customer Service,Analyst,['App5 - Power User']
Employee Type + Job Title + Department,Employee,Customer Service,Analyst,['App8 - Read-Only']
Employee Type + Job Title + Department,Employee,Customer Service,Coordinator,['App3 - Power User']
Employee Type + Department,Intern,Customer Service,All,['App3 - Read-Only']
Employee Type + Department,Intern,Customer Service,All,['App4 - Guest']
Employee Type + Job Title + Department,Intern,Customer Service,Analyst,['App1 - Admin']
Employee Type + Job Title + Department,Intern,Customer Service,Analyst,['App2 - Power User']
Employee Type + Job Title + Department,Intern,Customer Service,Analyst,['App2 - Read-Only']
Employee Type + Job Title + Department,Intern,Customer Service,Analyst,['App3 - Power User']
Employee Type + Job Title + Department,Intern,Customer Service,Analyst,['App4 - Power User']
Employee Type + Job Title + Department,Intern,Customer Service,Analyst,['App4 - User']
Employee Type + Job Title + Department,Intern,Customer Service,Analyst,['App5 - Power User']
Employee Type + Job Title + Department,Intern,Customer Service,Analyst,['App8 - Read-Only']
Employee Type + Job Title + Department,Intern,Customer Service,Coordinator,['App1 - Admin']
Employee Type + Job Title + Department,Intern,Customer Service,Coordinator,['App2 - Power User']
Employee Type + Job Title + Department,Intern,Customer Service,Coordinator,['App5 - Power User']
Employee Type + Job Title + Department,Intern,Customer Service,Coordinator,['App6 - Power User']
Employee Type + Job Title + Department,Intern,Customer Service,Coordinator,['App7 - Guest']
Employee Type + Job Title + Department,Intern,Customer Service,Coordinator,['App7 - Read-Only']
Employee Type + Job Title + Department,Intern,Customer Service,Director,['App4 - User']
Employee Type + Job Title + Department,Intern,Customer Service,Director,['App7 - Guest']
Employee Type + Job Title + Department,Intern,Customer Service,Director,['App8 - Read-Only']
Employee Type + Job Title + Department,Intern,Customer Service,Consultant,['App1 - Guest']
Employee Type + Job Title + Department,Intern,Customer Service,Consultant,['App10 - Power User']
Employee Type + Job Title + Department,Intern,Customer Service,Consultant,['App6 - Power User']
Employee Type + Job Title + Department,Intern,Customer Service,Specialist,['App1 - Guest']
Employee Type + Job Title + Department,Intern,Customer Service,Specialist,['App2 - Read-Only']
Employee Type + Job Title + Department,Intern,Customer Service,Specialist,['App5 - Power User']
Employee Type + Job Title + Department,Intern,Customer Service,Specialist,['App7 - Guest']
Employee Type + Job Title + Department,Intern,Customer Service,Specialist,['App9 - User']
Employee Type + Job Title + Department,Intern,Customer Service,Associate,['App1 - Admin']
Employee Type + Job Title + Department,Intern,Customer Service,Associate,['App10 - Power User']
Employee Type + Job Title + Department,Intern,Customer Service,Associate,['App5 - Power User']
Employee Type + Job Title + Department,Intern,Customer Service,Associate,['App6 - Power User']
Employee Type + Job Title + Department,Intern,Customer Service,Manager,['App1 - Admin']
Employee Type + Job Title + Department,Intern,Customer Service,Manager,['App1 - Guest']
Employee Type + Job Title + Department,Intern,Customer Service,Manager,['App10 - Power User']
Employee Type + Job Title + Department,Intern,Customer Service,Manager,['App3 - Admin']
Employee Type + Job Title + Department,Intern,Customer Service,Manager,['App3 - Power User']
Employee Type + Job Title + Department,Intern,Customer Service,Manager,['App4 - User']
Employee Type + Job Title + Department,Intern,Customer Service,Manager,['App6 - Power User']
Employee Type + Job Title + Department,Intern,Customer Service,Manager,['App7 - Read-Only']
Employee Type + Job Title + Department,Intern,Customer Service,Manager,['App9 - User']
Employee Type + Department,Contractor,Customer Service,All,['App4 - User']
Employee Type + Job Title + Department,Contractor,Customer Service,Consultant,['App1 - Guest']
Employee Type + Job Title + Department,Contractor,Customer Service,Consultant,['App10 - Power User']
Employee Type + Job Title + Department,Contractor,Customer Service,Consultant,['App2 - User']
Employee Type + Job Title + Department,Contractor,Customer Service,Consultant,['App3 - Admin']
Employee Type + Job Title + Department,Contractor,Customer Service,Consultant,['App6 - Power User']
Employee Type + Job Title + Department,Contractor,Customer Service,Consultant,['App7 - Guest']
Employee Type + Job Title + Department,Contractor,Customer Service,Consultant,['App8 - Power User']
Employee Type + Job Title + Department,Contractor,Customer Service,Associate,['App1 - Guest']
Employee Type + Job Title + Department,Contractor,Customer Service,Associate,['App1 - User']
Employee Type + Job Title + Department,Contractor,Customer Service,Associate,['App6 - Power User']
Employee Type + Job Title + Department,Contractor,Customer Service,Associate,['App7 - Guest']
Employee Type + Job Title + Department,Contractor,Customer Service,Associate,['App7 - Read-Only']
Employee Type + Job Title + Department,Contractor,Customer Service,Associate,['App8 - Power User']
Employee Type + Job Title + Department,Contractor,Customer Service,Director,['App10 - Power User']
Employee Type + Job Title + Department,Contractor,Customer Service,Director,['App3 - Admin']
Employee Type + Job Title + Department,Contractor,Customer Service,Director,['App3 - Power User']
Employee Type + Job Title + Department,Contractor,Customer Service,Director,['App7 - Guest']
Employee Type + Job Title + Department,Contractor,Customer Service,Director,['App8 - Power User']
Employee Type + Job Title + Department,Contractor,Customer Service,Analyst,['App1 - Admin']
Employee Type + Job Title + Department,Contractor,Customer Service,Analyst,['App1 - User']
Employee Type + Job Title + Department,Contractor,Customer Service,Analyst,['App2 - User']
Employee Type + Job Title + Department,Contractor,Customer Service,Analyst,['App3 - Admin']
Employee Type + Job Title + Department,Contractor,Customer Service,Analyst,['App5 - Power User']
Employee Type + Job Title + Department,Contractor,Customer Service,Analyst,['App8 - Guest']
Employee Type + Job Title + Department,Contractor,Customer Service,Coordinator,['App8 - Admin']
Employee Type + Job Title + Department,Contractor,Customer Service,Coordinator,['App8 - Guest']
Employee Type + Job Title + Department,Contractor,Customer Service,Coordinator,['App8 - Read-Only']
Employee Type + Job Title + Department,Contractor,Customer Service,Specialist,['App1 - Guest']
Employee Type + Job Title + Department,Contractor,Customer Service,Specialist,['App2 - User']
Employee Type + Job Title + Department,Contractor,Customer Service,Specialist,['App3 - Power User']
Employee Type + Job Title + Department,Contractor,Customer Service,Specialist,['App6 - Power User']
Employee Type + Job Title + Department,Contractor,Customer Service,Specialist,['App7 - Read-Only']
Employee Type + Job Title + Department,Contractor,Customer Service,Specialist,['App8 - Guest']
Employee Type + Job Title + Department,Contractor,Customer Service,Specialist,['App8 - Read-Only']
Employee Type + Job Title + Department,Contractor,Customer Service,Specialist,['App9 - User']
Employee Type + Job Title + Department,Contractor,Customer Service,Manager,['App1 - User']
Employee Type + Job Title + Department,Contractor,Customer Service,Manager,['App2 - Read-Only']
Employee Type + Job Title + Department,Contractor,Customer Service,Manager,['App2 - User']
Employee Type + Job Title + Department,Contractor,Customer Service,Manager,['App6 - Power User']
Employee Type + Job Title + Department,Contractor,Customer Service,Manager,['App7 - Guest']
Employee Type + Job Title + Department,Contractor,Customer Service,Manager,['App8 - Power User']
Employee Type + Job Title + Department,Contractor,Customer Service,Manager,['App9 - User']
Employee Type + Department,Employee,Operations,All,['App1 - Admin']
Employee Type + Department,Employee,Operations,All,['App1 - User']
Employee Type + Department,Employee,Operations,All,['App3 - Power User']
Employee Type + Department,Employee,Operations,All,['App4 - User']
Employee Type + Department,Employee,Operations,All,['App6 - Admin']
Employee Type + Department,Employee,Operations,All,['App8 - Read-Only']
Employee Type + Job Title + Department,Employee,Operations,Coordinator,['App10 - Admin']
Employee Type + Job Title + Department,Employee,Operations,Coordinator,['App3 - Guest']
Employee Type + Job Title + Department,Employee,Operations,Coordinator,['App6 - Power User']
Employee Type + Job Title + Department,Employee,Operations,Coordinator,['App7 - Admin']
Employee Type + Job Title + Department,Employee,Operations,Coordinator,['App7 - Guest']
Employee Type + Job Title + Department,Employee,Operations,Coordinator,['App9 - Power User']
Employee Type + Job Title + Department,Employee,Operations,Associate,['App10 - Read-Only']
Employee Type + Job Title + Department,Employee,Operations,Associate,['App5 - Power User']
Employee Type + Job Title + Department,Employee,Operations,Associate,['App5 - Read-Only']
Employee Type + Job Title + Department,Employee,Operations,Associate,['App6 - Power User']
Employee Type + Job Title + Department,Employee,Operations,Associate,['App6 - Read-Only']
Employee Type + Job Title + Department,Employee,Operations,Associate,['App7 - Guest']
Employee Type + Job Title + Department,Employee,Operations,Associate,['App9 - Power User']
Employee Type + Job Title + Department,Employee,Operations,Consultant,['App2 - Power User']
Employee Type + Job Title + Department,Employee,Operations,Consultant,['App2 - Read-Only']
Employee Type + Job Title + Department,Employee,Operations,Consultant,['App4 - Guest']
Employee Type + Job Title + Department,Employee,Operations,Consultant,['App5 - Power User']
Employee Type + Job Title + Department,Employee,Operations,Consultant,['App5 - Read-Only']
Employee Type + Job Title + Department,Employee,Operations,Consultant,['App7 - Guest']
Employee Type + Job Title + Department,Employee,Operations,Consultant,['App7 - Power User']
Employee Type + Job Title + Department,Employee,Operations,Consultant,['App8 - Power User']
Employee Type + Job Title + Department,Employee,Operations,Consultant,['App9 - Admin']
Employee Type + Job Title + Department,Employee,Operations,Consultant,['App9 - Power User']
Employee Type + Job Title + Department,Employee,Operations,Director,['App2 - Guest']
Employee Type + Job Title + Department,Employee,Operations,Director,['App3 - Admin']
Employee Type + Job Title + Department,Employee,Operations,Director,['App4 - Admin']
Employee Type + Job Title + Department,Employee,Operations,Director,['App5 - Admin']
Employee Type + Job Title + Department,Employee,Operations,Director,['App5 - Guest']
Employee Type + Job Title + Department,Employee,Operations,Director,['App8 - Power User']
Employee Type + Job Title + Department,Employee,Operations,Manager,['App10 - Admin']
Employee Type + Job Title + Department,Employee,Operations,Manager,['App10 - Read-Only']
Employee Type + Job Title + Department,Employee,Operations,Manager,['App3 - Admin']
Employee Type + Job Title + Department,Employee,Operations,Manager,['App3 - Guest']
Employee Type + Job Title + Department,Employee,Operations,Manager,['App4 - Admin']
Employee Type + Job Title + Department,Employee,Operations,Manager,['App4 - Guest']
Employee Type + Job Title + Department,Employee,Operations,Manager,['App7 - Admin']
Employee Type + Job Title + Department,Employee,Operations,Manager,['App7 - Power User']
Employee Type + Job Title + Department,Employee,Operations,Analyst,['App10 - Admin']
Employee Type + Job Title + Department,Employee,Operations,Analyst,['App10 - Read-Only']
Employee Type + Job Title + Department,Employee,Operations,Analyst,['App2 - Read-Only']
Employee Type + Job Title + Department,Employee,Operations,Analyst,['App2 - User']
Employee Type + Job Title + Department,Employee,Operations,Analyst,['App3 - Admin']
Employee Type + Job Title + Department,Employee,Operations,Analyst,['App3 - Guest']
Employee Type + Job Title + Department,Employee,Operations,Analyst,['App4 - Admin']
Employee Type + Job Title + Department,Employee,Operations,Analyst,['App8 - Power User']
Employee Type + Job Title + Department,Employee,Operations,Specialist,['App2 - Guest']
Employee Type + Job Title + Department,Employee,Operations,Specialist,['App2 - Power User']
Employee Type + Job Title + Department,Employee,Operations,Specialist,['App6 - Read-Only']
Employee Type + Job Title + Department,Employee,Operations,Specialist,['App8 - Power User']
Employee Type + Department,Intern,Operations,All,['App2 - Admin']
Employee Type + Department,Intern,Operations,All,['App2 - Power User']
Employee Type + Department,Intern,Operations,All,['App3 - Admin']
Employee Type + Department,Intern,Operations,All,['App3 - Read-Only']
Employee Type + Department,Intern,Operations,All,['App4 - Guest']
Employee Type + Department,Intern,Operations,All,['App6 - Power User']
Employee Type + Department,Intern,Operations,All,['App6 - Read-Only']
Employee Type + Department,Intern,Operations,All,['App9 - Read-Only']
Employee Type + Job Title + Department,Intern,Operations,Manager,['App2 - Read-Only']
Employee Type + Job Title + Department,Intern,Operations,Manager,['App3 - Guest']
Employee Type + Job Title + Department,Intern,Operations,Manager,['App4 - Admin']
Employee Type + Job Title + Department,Intern,Operations,Director,['App10 - Admin']
Employee Type + Job Title + Department,Intern,Operations,Director,['App5 - Guest']
Employee Type + Job Title + Department,Intern,Operations,Director,['App5 - Power User']
Employee Type + Job Title + Department,Intern,Operations,Director,['App7 - Admin']
Employee Type + Job Title + Department,Intern,Operations,Director,['App7 - Read-Only']
Employee Type + Job Title + Department,Intern,Operations,Coordinator,['App4 - Admin']
Employee Type + Job Title + Department,Intern,Operations,Coordinator,['App5 - Guest']
Employee Type + Job Title + Department,Intern,Operations,Analyst,['App10 - Admin']
Employee Type + Job Title + Department,Intern,Operations,Analyst,['App10 - Power User']
Employee Type + Job Title + Department,Intern,Operations,Analyst,['App10 - Read-Only']
Employee Type + Job Title + Department,Intern,Operations,Analyst,['App2 - Read-Only']
Employee Type + Job Title + Department,Intern,Operations,Analyst,['App4 - Admin']
Employee Type + Job Title + Department,Intern,Operations,Analyst,['App5 - Guest']
Employee Type + Job Title + Department,Intern,Operations,Analyst,['App7 - Admin']
Employee Type + Job Title + Department,Intern,Operations,Analyst,['App7 - Read-Only']
Employee Type + Job Title + Department,Intern,Operations,Specialist,['App1 - Power User']
Employee Type + Job Title + Department,Intern,Operations,Specialist,['App10 - Admin']
Employee Type + Job Title + Department,Intern,Operations,Specialist,['App4 - Admin']
Employee Type + Job Title + Department,Intern,Operations,Associate,['App10 - Power User']
Employee Type + Job Title + Department,Intern,Operations,Associate,['App10 - Read-Only']
Employee Type + Job Title + Department,Intern,Operations,Associate,['App2 - Read-Only']
Employee Type + Job Title + Department,Intern,Operations,Associate,['App4 - Admin']
Employee Type + Job Title + Department,Intern,Operations,Associate,['App5 - Admin']
Employee Type + Job Title + Department,Intern,Operations,Associate,['App5 - Power User']
Employee Type + Job Title + Department,Intern,Operations,Associate,['App5 - Read-Only']
Employee Type + Job Title + Department,Intern,Operations,Associate,['App7 - Admin']
Employee Type + Job Title + Department,Intern,Operations,Associate,['App7 - Guest']
Employee Type + Job Title + Department,Intern,Operations,Associate,['App7 - Read-Only']
Employee Type + Job Title + Department,Intern,Operations,Consultant,['App1 - Power User']
Employee Type + Job Title + Department,Intern,Operations,Consultant,['App10 - Power User']
Employee Type + Job Title + Department,Intern,Operations,Consultant,['App2 - Read-Only']
Employee Type + Job Title + Department,Intern,Operations,Consultant,['App7 - Guest']
Employee Type + Department,Contractor,Operations,All,['App10 - Admin']
Employee Type + Department,Contractor,Operations,All,['App2 - Guest']
Employee Type + Department,Contractor,Operations,All,['App2 - Read-Only']
Employee Type + Department,Contractor,Operations,All,['App2 - User']
Employee Type + Department,Contractor,Operations,All,['App5 - Admin']
Employee Type + Department,Contractor,Operations,All,['App5 - Guest']
Employee Type + Department,Contractor,Operations,All,['App5 - Power User']
Employee Type + Department,Contractor,Operations,All,['App7 - Power User']
Employee Type + Department,Contractor,Operations,All,['App7 - Read-Only']
Employee Type + Department,Contractor,Operations,All,['App8 - User']
Employee Type + Department,Contractor,Operations,All,['App9 - Power User']
Employee Type + Job Title + Department,Contractor,Operations,Director,['App1 - Power User']
Employee Type + Job Title + Department,Contractor,Operations,Director,['App10 - Power User']
Employee Type + Job Title + Department,Contractor,Operations,Director,['App10 - Read-Only']
Employee Type + Job Title + Department,Contractor,Operations,Director,['App5 - Read-Only']
Employee Type + Job Title + Department,Contractor,Operations,Director,['App7 - Admin']
Employee Type + Job Title + Department,Contractor,Operations,Analyst,['App1 - Power User']
Employee Type + Job Title + Department,Contractor,Operations,Analyst,['App10 - Power User']
Employee Type + Job Title + Department,Contractor,Operations,Analyst,['App10 - Read-Only']
Employee Type + Job Title + Department,Contractor,Operations,Analyst,['App5 - Read-Only']
Employee Type + Job Title + Department,Contractor,Operations,Analyst,['App8 - Power User']
Employee Type + Job Title + Department,Contractor,Operations,Analyst,['App9 - Admin']
Employee Type + Job Title + Department,Contractor,Operations,Associate,['App8 - Power User']
Employee Type + Job Title + Department,Contractor,Operations,Manager,['App1 - Power User']
Employee Type + Job Title + Department,Contractor,Operations,Manager,['App10 - Power User']
Employee Type + Job Title + Department,Contractor,Operations,Consultant,['App9 - Admin']
Employee Type + Job Title + Department,Contractor,Operations,Specialist,['App1 - Power User']
Employee Type + Job Title + Department,Contractor,Operations,Coordinator,['App10 - Power User']
Employee Type + Department,Contractor,Marketing,All,['App2 - User']
Employee Type + Department,Contractor,Marketing,All,['App4 - Guest']
Employee Type + Department,Contractor,Marketing,All,['App5 - Guest']
Employee Type + Department,Contractor,Marketing,All,['App6 - Guest']
Employee Type + Department,Contractor,Marketing,All,['App8 - User']
Employee Type + Job Title + Department,Contractor,Marketing,Associate,['App1 - Power User']
Employee Type + Job Title + Department,Contractor,Marketing,Associate,['App2 - Guest']
Employee Type + Job Title + Department,Contractor,Marketing,Associate,['App5 - User']
Employee Type + Job Title + Department,Contractor,Marketing,Associate,['App7 - User']
Employee Type + Job Title + Department,Contractor,Marketing,Associate,['App8 - Admin']
Employee Type + Job Title + Department,Contractor,Marketing,Associate,['App8 - Power User']
Employee Type + Job Title + Department,Contractor,Marketing,Associate,['App8 - Read-Only']
Employee Type + Job Title + Department,Contractor,Marketing,Associate,['App9 - User']
Employee Type + Job Title + Department,Contractor,Marketing,Analyst,['App4 - User']
Employee Type + Job Title + Department,Contractor,Marketing,Analyst,['App6 - Read-Only']
Employee Type + Job Title + Department,Contractor,Marketing,Analyst,['App8 - Admin']
Employee Type + Job Title + Department,Contractor,Marketing,Coordinator,['App10 - Power User']
Employee Type + Job Title + Department,Contractor,Marketing,Coordinator,['App3 - Admin']
Employee Type + Job Title + Department,Contractor,Marketing,Coordinator,['App6 - Admin']
Employee Type + Job Title + Department,Contractor,Marketing,Coordinator,['App7 - Guest']
Employee Type + Job Title + Department,Contractor,Marketing,Coordinator,['App8 - Admin']
Employee Type + Job Title + Department,Contractor,Marketing,Coordinator,['App8 - Read-Only']
Employee Type + Job Title + Department,Contractor,Marketing,Coordinator,['App9 - User']
Employee Type + Job Title + Department,Contractor,Marketing,Director,['App1 - Power User']
Employee Type + Job Title + Department,Contractor,Marketing,Director,['App2 - Guest']
Employee Type + Job Title + Department,Contractor,Marketing,Director,['App3 - Admin']
Employee Type + Job Title + Department,Contractor,Marketing,Director,['App4 - User']
Employee Type + Job Title + Department,Contractor,Marketing,Director,['App6 - Read-Only']
Employee Type + Job Title + Department,Contractor,Marketing,Specialist,['App10 - Admin']
Employee Type + Job Title + Department,Contractor,Marketing,Specialist,['App10 - Power User']
Employee Type + Job Title + Department,Contractor,Marketing,Specialist,['App6 - Read-Only']
Employee Type + Job Title + Department,Contractor,Marketing,Specialist,['App7 - Guest']
Employee Type + Job Title + Department,Contractor,Marketing,Manager,['App5 - Admin']
Employee Type + Job Title + Department,Contractor,Marketing,Manager,['App5 - User']
Employee Type + Job Title + Department,Contractor,Marketing,Manager,['App9 - User']
Employee Type + Job Title + Department,Contractor,Marketing,Consultant,['App10 - Admin']
Employee Type + Job Title + Department,Contractor,Marketing,Consultant,['App2 - Guest']
Employee Type + Job Title + Department,Contractor,Marketing,Consultant,['App3 - Read-Only']
Employee Type + Job Title + Department,Contractor,Marketing,Consultant,['App4 - User']
Employee Type + Job Title + Department,Contractor,Marketing,Consultant,['App5 - User']
Employee Type + Job Title + Department,Contractor,Marketing,Consultant,['App7 - User']
Employee Type + Job Title + Department,Contractor,Marketing,Consultant,['App8 - Admin']
Employee Type + Department,Employee,Marketing,All,['App3 - Admin']
Employee Type + Department,Employee,Marketing,All,['App3 - Guest']
Employee Type + Department,Employee,Marketing,All,['App8 - Read-Only']
Employee Type + Job Title + Department,Employee,Marketing,Coordinator,['App2 - Guest']
Employee Type + Job Title + Department,Employee,Marketing,Coordinator,['App3 - Read-Only']
Employee Type + Job Title + Department,Employee,Marketing,Coordinator,['App4 - Admin']
Employee Type + Job Title + Department,Employee,Marketing,Coordinator,['App5 - User']
Employee Type + Job Title + Department,Employee,Marketing,Coordinator,['App8 - Power User']
Employee Type + Job Title + Department,Employee,Marketing,Consultant,['App2 - Guest']
Employee Type + Job Title + Department,Employee,Marketing,Consultant,['App3 - Read-Only']
Employee Type + Job Title + Department,Employee,Marketing,Consultant,['App4 - Admin']
Employee Type + Job Title + Department,Employee,Marketing,Consultant,['App5 - Admin']
Employee Type + Job Title + Department,Employee,Marketing,Consultant,['App5 - User']
Employee Type + Job Title + Department,Employee,Marketing,Consultant,['App6 - Read-Only']
Employee Type + Job Title + Department,Employee,Marketing,Consultant,['App7 - Guest']
Employee Type + Job Title + Department,Employee,Marketing,Manager,['App6 - Admin']
Employee Type + Job Title + Department,Employee,Marketing,Manager,['App6 - Read-Only']
Employee Type + Job Title + Department,Employee,Marketing,Manager,['App8 - Power User']
Employee Type + Job Title + Department,Employee,Marketing,Associate,['App10 - Admin']
Employee Type + Job Title + Department,Employee,Marketing,Associate,['App4 - Admin']
Employee Type + Job Title + Department,Employee,Marketing,Associate,['App5 - Admin']
Employee Type + Job Title + Department,Employee,Marketing,Associate,['App6 - Admin']
Employee Type + Job Title + Department,Employee,Marketing,Associate,['App7 - Guest']
Employee Type + Job Title + Department,Employee,Marketing,Associate,['App8 - Admin']
Employee Type + Job Title + Department,Employee,Marketing,Director,['App7 - Guest']
Employee Type + Job Title + Department,Employee,Marketing,Director,['App8 - Admin']
Employee Type + Job Title + Department,Employee,Marketing,Analyst,['App2 - Guest']
Employee Type + Job Title + Department,Employee,Marketing,Analyst,['App3 - Read-Only']
Employee Type + Job Title + Department,Employee,Marketing,Analyst,['App4 - User']
Employee Type + Job Title + Department,Employee,Marketing,Analyst,['App6 - Admin']
Employee Type + Job Title + Department,Employee,Marketing,Specialist,['App2 - Guest']
Employee Type + Job Title + Department,Employee,Marketing,Specialist,['App6 - Admin']
Employee Type + Job Title + Department,Employee,Marketing,Specialist,['App6 - Read-Only']
Employee Type + Department,Intern,Marketing,All,['App10 - Admin']
Employee Type + Department,Intern,Marketing,All,['App5 - Admin']
Employee Type + Department,Intern,Marketing,All,['App6 - Read-Only']
Employee Type + Department,Intern,Marketing,All,['App6 - User']
Employee Type + Department,Intern,Marketing,All,['App7 - Guest']
Employee Type + Department,Intern,Marketing,All,['App7 - User']
Employee Type + Job Title + Department,Intern,Marketing,Consultant,['App10 - Power User']
Employee Type + Job Title + Department,Intern,Marketing,Director,['App4 - Admin']
Employee Type + Job Title + Department,Intern,Marketing,Analyst,['App1 - Power User']
Employee Type + Job Title + Department,Intern,Marketing,Coordinator,['App1 - Power User']
Employee Type + Job Title + Department,Intern,Marketing,Coordinator,['App10 - Power User']
Employee Type + Job Title + Department,Intern,Marketing,Coordinator,['App3 - User']
Employee Type + Job Title + Department,Intern,Marketing,Coordinator,['App9 - User']
Employee Type + Job Title + Department,Intern,Marketing,Associate,['App1 - Power User']
Employee Type + Job Title + Department,Intern,Marketing,Associate,['App10 - Power User']
Employee Type + Job Title + Department,Intern,Marketing,Associate,['App3 - Read-Only']
Employee Type + Job Title + Department,Intern,Marketing,Associate,['App4 - Admin']
Employee Type + Job Title + Department,Intern,Marketing,Associate,['App6 - Admin']
Employee Type + Job Title + Department,Intern,Marketing,Associate,['App9 - Read-Only']
Employee Type + Job Title + Department,Intern,Marketing,Specialist,['App3 - Read-Only']
Employee Type + Job Title + Department,Intern,Marketing,Specialist,['App6 - Admin']
Employee Type + Job Title + Department,Intern,Marketing,Manager,['App6 - Admin']
Employee Type + Job Title + Department,Intern,Marketing,Manager,['App9 - Read-Only']
Employee Type + Department,Intern,Engineering,All,['App1 - Read-Only']
Employee Type + Department,Intern,Engineering,All,['App10 - Read-Only']
Employee Type + Department,Intern,Engineering,All,['App4 - User']
Employee Type + Department,Intern,Engineering,All,['App6 - Admin']
Employee Type + Department,Intern,Engineering,All,['App6 - Read-Only']
Employee Type + Job Title + Department,Intern,Engineering,Associate,['App1 - Guest']
Employee Type + Job Title + Department,Intern,Engineering,Associate,['App1 - Power User']
Employee Type + Job Title + Department,Intern,Engineering,Associate,['App2 - Admin']
Employee Type + Job Title + Department,Intern,Engineering,Associate,['App3 - Admin']
Employee Type + Job Title + Department,Intern,Engineering,Associate,['App3 - Guest']
Employee Type + Job Title + Department,Intern,Engineering,Associate,['App3 - User']
Employee Type + Job Title + Department,Intern,Engineering,Associate,['App4 - Admin']
Employee Type + Job Title + Department,Intern,Engineering,Associate,['App5 - Read-Only']
Employee Type + Job Title + Department,Intern,Engineering,Associate,['App6 - Power User']
Employee Type + Job Title + Department,Intern,Engineering,Associate,['App9 - User']
Employee Type + Job Title + Department,Intern,Engineering,Director,['App1 - Admin']
Employee Type + Job Title + Department,Intern,Engineering,Director,['App1 - Guest']
Employee Type + Job Title + Department,Intern,Engineering,Director,['App1 - Power User']
Employee Type + Job Title + Department,Intern,Engineering,Director,['App2 - Admin']
Employee Type + Job Title + Department,Intern,Engineering,Director,['App2 - Power User']
Employee Type + Job Title + Department,Intern,Engineering,Director,['App3 - Admin']
Employee Type + Job Title + Department,Intern,Engineering,Director,['App3 - Power User']
Employee Type + Job Title + Department,Intern,Engineering,Director,['App4 - Read-Only']
Employee Type + Job Title + Department,Intern,Engineering,Director,['App6 - User']
Employee Type + Job Title + Department,Intern,Engineering,Director,['App7 - User']
Employee Type + Job Title + Department,Intern,Engineering,Consultant,['App1 - Admin']
Employee Type + Job Title + Department,Intern,Engineering,Consultant,['App3 - Admin']
Employee Type + Job Title + Department,Intern,Engineering,Consultant,['App4 - Admin']
Employee Type + Job Title + Department,Intern,Engineering,Manager,['App3 - Guest']
Employee Type + Job Title + Department,Intern,Engineering,Manager,['App3 - Power User']
Employee Type + Job Title + Department,Intern,Engineering,Manager,['App3 - User']
Employee Type + Job Title + Department,Intern,Engineering,Manager,['App4 - Read-Only']
Employee Type + Job Title + Department,Intern,Engineering,Manager,['App5 - Power User']
Employee Type + Job Title + Department,Intern,Engineering,Manager,['App6 - Power User']
Employee Type + Job Title + Department,Intern,Engineering,Manager,['App6 - User']
Employee Type + Job Title + Department,Intern,Engineering,Manager,['App7 - User']
Employee Type + Job Title + Department,Intern,Engineering,Manager,['App9 - User']
Employee Type + Job Title + Department,Intern,Engineering,Coordinator,['App4 - Power User']
Employee Type + Job Title + Department,Intern,Engineering,Coordinator,['App7 - Guest']
Employee Type + Job Title + Department,Intern,Engineering,Analyst,['App1 - Admin']
Employee Type + Job Title + Department,Intern,Engineering,Analyst,['App10 - Admin']
Employee Type + Job Title + Department,Intern,Engineering,Analyst,['App3 - Admin']
Employee Type + Job Title + Department,Intern,Engineering,Analyst,['App3 - Power User']
Employee Type + Job Title + Department,Intern,Engineering,Analyst,['App4 - Power User']
Employee Type + Job Title + Department,Intern,Engineering,Analyst,['App6 - Power User']
Employee Type + Job Title + Department,Intern,Engineering,Analyst,['App7 - Guest']
Employee Type + Job Title + Department,Intern,Engineering,Analyst,['App7 - User']
Employee Type + Job Title + Department,Intern,Engineering,Analyst,['App9 - User']
Employee Type + Job Title + Department,Intern,Engineering,Specialist,['App1 - Admin']
Employee Type + Job Title + Department,Intern,Engineering,Specialist,['App10 - Admin']
Employee Type + Job Title + Department,Intern,Engineering,Specialist,['App2 - Admin']
Employee Type + Job Title + Department,Intern,Engineering,Specialist,['App4 - Admin']
Employee Type + Job Title + Department,Intern,Engineering,Specialist,['App6 - User']
Employee Type + Job Title + Department,Intern,Engineering,Specialist,['App9 - User']
Employee Type + Department,Employee,Engineering,All,['App1 - Admin']
Employee Type + Department,Employee,Engineering,All,['App1 - Guest']
Employee Type + Department,Employee,Engineering,All,['App1 - User']
Employee Type + Department,Employee,Engineering,All,['App2 - Power User']
Employee Type + Department,Employee,Engineering,All,['App5 - Read-Only']
Employee Type + Department,Employee,Engineering,All,['App5 - User']
Employee Type + Department,Employee,Engineering,All,['App6 - Guest']
Employee Type + Job Title + Department,Employee,Engineering,Consultant,['App2 - Guest']
Employee Type + Job Title + Department,Employee,Engineering,Consultant,['App3 - Power User']
Employee Type + Job Title + Department,Employee,Engineering,Consultant,['App4 - Admin']
Employee Type + Job Title + Department,Employee,Engineering,Consultant,['App6 - Power User']
Employee Type + Job Title + Department,Employee,Engineering,Consultant,['App8 - Admin']
Employee Type + Job Title + Department,Employee,Engineering,Consultant,['App8 - User']
Employee Type + Job Title + Department,Employee,Engineering,Consultant,['App9 - Admin']
Employee Type + Job Title + Department,Employee,Engineering,Consultant,['App9 - Power User']
Employee Type + Job Title + Department,Employee,Engineering,Associate,['App7 - Power User']
Employee Type + Job Title + Department,Employee,Engineering,Specialist,['App3 - Admin']
Employee Type + Job Title + Department,Employee,Engineering,Specialist,['App3 - Guest']
Employee Type + Job Title + Department,Employee,Engineering,Specialist,['App4 - Admin']
Employee Type + Job Title + Department,Employee,Engineering,Specialist,['App5 - Power User']
Employee Type + Job Title + Department,Employee,Engineering,Specialist,['App7 - Power User']
Employee Type + Job Title + Department,Employee,Engineering,Specialist,['App8 - User']
Employee Type + Job Title + Department,Employee,Engineering,Director,['App4 - Admin']
Employee Type + Job Title + Department,Employee,Engineering,Director,['App7 - Guest']
Employee Type + Job Title + Department,Employee,Engineering,Director,['App9 - Admin']
Employee Type + Job Title + Department,Employee,Engineering,Coordinator,['App3 - Guest']
Employee Type + Job Title + Department,Employee,Engineering,Coordinator,['App4 - Read-Only']
Employee Type + Job Title + Department,Employee,Engineering,Coordinator,['App7 - Power User']
Employee Type + Job Title + Department,Employee,Engineering,Coordinator,['App8 - Admin']
Employee Type + Job Title + Department,Employee,Engineering,Manager,['App4 - Admin']
Employee Type + Job Title + Department,Employee,Engineering,Manager,['App6 - Power User']
Employee Type + Job Title + Department,Employee,Engineering,Analyst,['App10 - Admin']
Employee Type + Job Title + Department,Employee,Engineering,Analyst,['App3 - Guest']
Employee Type + Job Title + Department,Employee,Engineering,Analyst,['App9 - Admin']
Employee Type + Department,Contractor,Engineering,All,['App3 - Admin']
Employee Type + Department,Contractor,Engineering,All,['App3 - User']
Employee Type + Department,Contractor,Engineering,All,['App4 - Read-Only']
Employee Type + Department,Contractor,Engineering,All,['App8 - User']
Employee Type + Job Title + Department,Contractor,Engineering,Consultant,['App2 - Admin']
Employee Type + Job Title + Department,Contractor,Engineering,Consultant,['App5 - Power User']
Employee Type + Job Title + Department,Contractor,Engineering,Consultant,['App6 - Power User']
Employee Type + Job Title + Department,Contractor,Engineering,Consultant,['App7 - Guest']
Employee Type + Job Title + Department,Contractor,Engineering,Coordinator,['App2 - Admin']
Employee Type + Job Title + Department,Contractor,Engineering,Coordinator,['App7 - Power User']
Employee Type + Job Title + Department,Contractor,Engineering,Coordinator,['App9 - User']
Employee Type + Job Title + Department,Contractor,Engineering,Manager,['App1 - Power User']
Employee Type + Job Title + Department,Contractor,Engineering,Manager,['App7 - Guest']
Employee Type + Job Title + Department,Contractor,Engineering,Manager,['App9 - Power User']
Employee Type + Job Title + Department,Contractor,Engineering,Associate,['App1 - Power User']
Employee Type + Job Title + Department,Contractor,Engineering,Associate,['App8 - Admin']
Employee Type + Job Title + Department,Contractor,Engineering,Specialist,['App10 - Admin']
Employee Type + Job Title + Department,Contractor,Engineering,Specialist,['App2 - Admin']
Employee Type + Job Title + Department,Contractor,Engineering,Specialist,['App3 - Power User']
Employee Type + Job Title + Department,Contractor,Engineering,Specialist,['App5 - Power User']
Employee Type + Job Title + Department,Contractor,Engineering,Specialist,['App6 - Power User']
Employee Type + Job Title + Department,Contractor,Engineering,Specialist,['App7 - User']
Employee Type + Job Title + Department,Contractor,Engineering,Specialist,['App9 - Admin']
Employee Type + Job Title + Department,Contractor,Engineering,Analyst,['App2 - Admin']
Employee Type + Job Title + Department,Contractor,Engineering,Analyst,['App3 - Power User']
Employee Type + Job Title + Department,Contractor,Engineering,Analyst,['App5 - Power User']
Employee Type + Job Title + Department,Contractor,Engineering,Analyst,['App7 - Power User']
Employee Type + Job Title + Department,Contractor,Engineering,Analyst,['App8 - Admin']
Employee Type + Job Title + Department,Contractor,Engineering,Analyst,['App9 - Admin']
Employee Type + Job Title + Department,Contractor,Engineering,Analyst,['App9 - User']
Employee Type + Job Title + Department,Contractor,Engineering,Director,['App1 - Power User']
Employee Type + Job Title + Department,Contractor,Engineering,Director,['App6 - Power User']
Employee Type + Department,Employee,Finance,All,['App1 - Guest']
Employee Type + Department,Employee,Finance,All,['App2 - Power User']
Employee Type + Department,Employee,Finance,All,['App7 - Guest']
Employee Type + Job Title + Department,Employee,Finance,Manager,['App3 - Admin']
Employee Type + Job Title + Department,Employee,Finance,Manager,['App3 - Power User']
Employee Type + Job Title + Department,Employee,Finance,Manager,['App6 - Guest']
Employee Type + Job Title + Department,Employee,Finance,Manager,['App6 - Power User']
Employee Type + Job Title + Department,Employee,Finance,Specialist,['App10 - Admin']
Employee Type + Job Title + Department,Employee,Finance,Specialist,['App3 - Admin']
Employee Type + Job Title + Department,Employee,Finance,Specialist,['App3 - Power User']
Employee Type + Job Title + Department,Employee,Finance,Specialist,['App5 - Power User']
Employee Type + Job Title + Department,Employee,Finance,Specialist,['App6 - Power User']
Employee Type + Job Title + Department,Employee,Finance,Specialist,['App6 - Read-Only']
Employee Type + Job Title + Department,Employee,Finance,Specialist,['App7 - Power User']
Employee Type + Job Title + Department,Employee,Finance,Specialist,['App8 - Read-Only']
Employee Type + Job Title + Department,Employee,Finance,Consultant,['App10 - Admin']
Employee Type + Job Title + Department,Employee,Finance,Consultant,['App2 - Guest']
Employee Type + Job Title + Department,Employee,Finance,Consultant,['App3 - Power User']
Employee Type + Job Title + Department,Employee,Finance,Analyst,['App1 - User']
Employee Type + Job Title + Department,Employee,Finance,Analyst,['App10 - Admin']
Employee Type + Job Title + Department,Employee,Finance,Analyst,['App10 - Read-Only']
Employee Type + Job Title + Department,Employee,Finance,Analyst,['App2 - Guest']
Employee Type + Job Title + Department,Employee,Finance,Analyst,['App6 - Guest']
Employee Type + Job Title + Department,Employee,Finance,Analyst,['App7 - Power User']
Employee Type + Job Title + Department,Employee,Finance,Coordinator,['App1 - User']
Employee Type + Job Title + Department,Employee,Finance,Coordinator,['App10 - Read-Only']
Employee Type + Job Title + Department,Employee,Finance,Coordinator,['App8 - Power User']
Employee Type + Job Title + Department,Employee,Finance,Associate,['App2 - Guest']
Employee Type + Job Title + Department,Employee,Finance,Associate,['App3 - Admin']
Employee Type + Job Title + Department,Employee,Finance,Associate,['App5 - Power User']
Employee Type + Job Title + Department,Employee,Finance,Associate,['App5 - User']
Employee Type + Job Title + Department,Employee,Finance,Associate,['App6 - Read-Only']
Employee Type + Job Title + Department,Employee,Finance,Associate,['App7 - Power User']
Employee Type + Job Title + Department,Employee,Finance,Associate,['App8 - Read-Only']
Employee Type + Job Title + Department,Employee,Finance,Director,['App3 - Power User']
Employee Type + Job Title + Department,Employee,Finance,Director,['App5 - Power User']
Employee Type + Job Title + Department,Employee,Finance,Director,['App6 - Admin']
Employee Type + Job Title + Department,Employee,Finance,Director,['App6 - Guest']
Employee Type + Job Title + Department,Employee,Finance,Director,['App6 - Power User']
Employee Type + Job Title + Department,Employee,Finance,Director,['App8 - Power User']
Employee Type + Job Title + Department,Employee,Finance,Director,['App8 - Read-Only']
Employee Type + Department,Contractor,Finance,All,['App1 - Read-Only']
Employee Type + Department,Contractor,Finance,All,['App3 - Power User']
Employee Type + Department,Contractor,Finance,All,['App3 - User']
Employee Type + Department,Contractor,Finance,All,['App4 - Guest']
Employee Type + Department,Contractor,Finance,All,['App7 - User']
Employee Type + Job Title + Department,Contractor,Finance,Manager,['App1 - User']
Employee Type + Job Title + Department,Contractor,Finance,Manager,['App10 - Read-Only']
Employee Type + Job Title + Department,Contractor,Finance,Manager,['App3 - Admin']
Employee Type + Job Title + Department,Contractor,Finance,Manager,['App6 - Guest']
Employee Type + Job Title + Department,Contractor,Finance,Manager,['App6 - Read-Only']
Employee Type + Job Title + Department,Contractor,Finance,Manager,['App8 - Guest']
Employee Type + Job Title + Department,Contractor,Finance,Manager,['App8 - Read-Only']
Employee Type + Job Title + Department,Contractor,Finance,Coordinator,['App10 - Read-Only']
Employee Type + Job Title + Department,Contractor,Finance,Coordinator,['App8 - Power User']
Employee Type + Job Title + Department,Contractor,Finance,Coordinator,['App9 - User']
Employee Type + Job Title + Department,Contractor,Finance,Director,['App5 - Power User']
Employee Type + Job Title + Department,Contractor,Finance,Director,['App5 - User']
Employee Type + Job Title + Department,Contractor,Finance,Director,['App6 - Guest']
Employee Type + Job Title + Department,Contractor,Finance,Consultant,['App3 - Admin']
Employee Type + Job Title + Department,Contractor,Finance,Consultant,['App6 - Admin']
Employee Type + Job Title + Department,Contractor,Finance,Consultant,['App6 - Read-Only']
Employee Type + Job Title + Department,Contractor,Finance,Consultant,['App9 - User']
Employee Type + Job Title + Department,Contractor,Finance,Associate,['App1 - User']
Employee Type + Job Title + Department,Contractor,Finance,Associate,['App6 - Admin']
Employee Type + Job Title + Department,Contractor,Finance,Associate,['App6 - Guest']
Employee Type + Job Title + Department,Contractor,Finance,Associate,['App8 - Guest']
Employee Type + Job Title + Department,Contractor,Finance,Analyst,['App1 - User']
Employee Type + Job Title + Department,Contractor,Finance,Analyst,['App10 - Admin']
Employee Type + Job Title + Department,Contractor,Finance,Analyst,['App10 - Read-Only']
Employee Type + Job Title + Department,Contractor,Finance,Analyst,['App6 - Power User']
Employee Type + Job Title + Department,Contractor,Finance,Analyst,['App6 - Read-Only']
Employee Type + Job Title + Department,Contractor,Finance,Analyst,['App7 - Power User']
Employee Type + Job Title + Department,Contractor,Finance,Analyst,['App8 - Guest']
Employee Type + Job Title + Department,Contractor,Finance,Analyst,['App9 - User']
Employee Type + Job Title + Department,Contractor,Finance,Specialist,['App2 - Guest']
Employee Type + Job Title + Department,Contractor,Finance,Specialist,['App3 - Admin']
Employee Type + Job Title + Department,Contractor,Finance,Specialist,['App5 - Power User']
Employee Type + Job Title + Department,Contractor,Finance,Specialist,['App5 - User']
Employee Type + Job Title + Department,Contractor,Finance,Specialist,['App8 - Power User']
Employee Type + Department,Intern,Finance,All,['App1 - Power User']
Employee Type + Department,Intern,Finance,All,['App10 - Read-Only']
Employee Type + Department,Intern,Finance,All,['App3 - Admin']
Employee Type + Department,Intern,Finance,All,['App5 - Power User']
Employee Type + Department,Intern,Finance,All,['App6 - Admin']
Employee Type + Department,Intern,Finance,All,['App9 - User']
Employee Type + Job Title + Department,Intern,Finance,Associate,['App10 - Admin']
Employee Type + Job Title + Department,Intern,Finance,Associate,['App6 - Power User']
Employee Type + Job Title + Department,Intern,Finance,Associate,['App6 - Read-Only']
Employee Type + Job Title + Department,Intern,Finance,Associate,['App8 - Read-Only']
Employee Type + Job Title + Department,Intern,Finance,Manager,['App10 - Admin']
Employee Type + Job Title + Department,Intern,Finance,Manager,['App4 - Power User']
Employee Type + Job Title + Department,Intern,Finance,Director,['App6 - Read-Only']
Employee Type + Job Title + Department,Intern,Finance,Director,['App8 - Read-Only']
Employee Type + Job Title + Department,Intern,Finance,Specialist,['App6 - Power User']
Employee Type + Job Title + Department,Intern,Finance,Specialist,['App8 - Read-Only']
Employee Type + Job Title + Department,Intern,Finance,Consultant,['App10 - Admin']
Employee Type + Job Title + Department,Intern,Finance,Analyst,['App4 - Power User']
Employee Type + Job Title + Department,Intern,Finance,Coordinator,['App10 - Admin']
Employee Type + Department,Contractor,HR,All,['App1 - Admin']
Employee Type + Department,Contractor,HR,All,['App2 - Guest']
Employee Type + Department,Contractor,HR,All,['App3 - Read-Only']
Employee Type + Department,Contractor,HR,All,['App5 - Guest']
Employee Type + Department,Contractor,HR,All,['App6 - Guest']
Employee Type + Department,Contractor,HR,All,['App8 - Guest']
Employee Type + Job Title + Department,Contractor,HR,Consultant,['App10 - Read-Only']
Employee Type + Job Title + Department,Contractor,HR,Consultant,['App2 - Read-Only']
Employee Type + Job Title + Department,Contractor,HR,Consultant,['App2 - User']
Employee Type + Job Title + Department,Contractor,HR,Consultant,['App5 - Read-Only']
Employee Type + Job Title + Department,Contractor,HR,Consultant,['App7 - User']
Employee Type + Job Title + Department,Contractor,HR,Consultant,['App9 - Admin']
Employee Type + Job Title + Department,Contractor,HR,Manager,['App1 - Guest']
Employee Type + Job Title + Department,Contractor,HR,Manager,['App10 - Read-Only']
Employee Type + Job Title + Department,Contractor,HR,Manager,['App2 - User']
Employee Type + Job Title + Department,Contractor,HR,Manager,['App3 - Power User']
Employee Type + Job Title + Department,Contractor,HR,Manager,['App4 - Guest']
Employee Type + Job Title + Department,Contractor,HR,Manager,['App4 - Read-Only']
Employee Type + Job Title + Department,Contractor,HR,Manager,['App5 - User']
Employee Type + Job Title + Department,Contractor,HR,Manager,['App7 - Read-Only']
Employee Type + Job Title + Department,Contractor,HR,Manager,['App8 - Admin']
Employee Type + Job Title + Department,Contractor,HR,Coordinator,['App1 - User']
Employee Type + Job Title + Department,Contractor,HR,Coordinator,['App10 - Read-Only']
Employee Type + Job Title + Department,Contractor,HR,Coordinator,['App2 - Admin']
Employee Type + Job Title + Department,Contractor,HR,Coordinator,['App2 - User']
Employee Type + Job Title + Department,Contractor,HR,Coordinator,['App5 - Admin']
Employee Type + Job Title + Department,Contractor,HR,Coordinator,['App5 - Read-Only']
Employee Type + Job Title + Department,Contractor,HR,Coordinator,['App5 - User']
Employee Type + Job Title + Department,Contractor,HR,Coordinator,['App6 - Read-Only']
Employee Type + Job Title + Department,Contractor,HR,Coordinator,['App7 - Read-Only']
Employee Type + Job Title + Department,Contractor,HR,Coordinator,['App7 - User']
Employee Type + Job Title + Department,Contractor,HR,Coordinator,['App8 - Read-Only']
Employee Type + Job Title + Department,Contractor,HR,Coordinator,['App9 - Admin']
Employee Type + Job Title + Department,Contractor,HR,Director,['App1 - Guest']
Employee Type + Job Title + Department,Contractor,HR,Director,['App1 - Power User']
Employee Type + Job Title + Department,Contractor,HR,Director,['App1 - Read-Only']
Employee Type + Job Title + Department,Contractor,HR,Director,['App3 - User']
Employee Type + Job Title + Department,Contractor,HR,Director,['App4 - Guest']
Employee Type + Job Title + Department,Contractor,HR,Director,['App4 - Read-Only']
Employee Type + Job Title + Department,Contractor,HR,Director,['App6 - Admin']
Employee Type + Job Title + Department,Contractor,HR,Analyst,['App1 - Power User']
Employee Type + Job Title + Department,Contractor,HR,Analyst,['App2 - Admin']
Employee Type + Job Title + Department,Contractor,HR,Analyst,['App5 - User']
Employee Type + Job Title + Department,Contractor,HR,Analyst,['App6 - Admin']
Employee Type + Job Title + Department,Contractor,HR,Analyst,['App6 - Power User']
Employee Type + Job Title + Department,Contractor,HR,Associate,['App1 - Read-Only']
Employee Type + Job Title + Department,Contractor,HR,Associate,['App2 - Admin']
Employee Type + Job Title + Department,Contractor,HR,Associate,['App2 - Read-Only']
Employee Type + Job Title + Department,Contractor,HR,Associate,['App4 - Read-Only']
Employee Type + Job Title + Department,Contractor,HR,Associate,['App6 - Read-Only']
Employee Type + Job Title + Department,Contractor,HR,Associate,['App8 - Read-Only']
Employee Type + Job Title + Department,Contractor,HR,Specialist,['App1 - Guest']
Employee Type + Job Title + Department,Contractor,HR,Specialist,['App1 - Power User']
Employee Type + Job Title + Department,Contractor,HR,Specialist,['App2 - Admin']
Employee Type + Job Title + Department,Contractor,HR,Specialist,['App2 - Read-Only']
Employee Type + Job Title + Department,Contractor,HR,Specialist,['App2 - User']
Employee Type + Job Title + Department,Contractor,HR,Specialist,['App4 - Guest']
Employee Type + Job Title + Department,Contractor,HR,Specialist,['App5 - Admin']
Employee Type + Job Title + Department,Contractor,HR,Specialist,['App5 - Read-Only']
Employee Type + Job Title + Department,Contractor,HR,Specialist,['App6 - Power User']
Employee Type + Job Title + Department,Contractor,HR,Specialist,['App6 - Read-Only']
Employee Type + Job Title + Department,Contractor,HR,Specialist,['App7 - User']
Employee Type + Job Title + Department,Contractor,HR,Specialist,['App9 - Admin']
Employee Type + Department,Employee,HR,All,['App4 - Guest']
Employee Type + Job Title + Department,Employee,HR,Coordinator,['App1 - Guest']
Employee Type + Job Title + Department,Employee,HR,Coordinator,['App1 - User']
Employee Type + Job Title + Department,Employee,HR,Coordinator,['App10 - Read-Only']
Employee Type + Job Title + Department,Employee,HR,Coordinator,['App2 - User']
Employee Type + Job Title + Department,Employee,HR,Coordinator,['App3 - Guest']
Employee Type + Job Title + Department,Employee,HR,Coordinator,['App4 - Admin']
Employee Type + Job Title + Department,Employee,HR,Coordinator,['App5 - Power User']
Employee Type + Job Title + Department,Employee,HR,Coordinator,['App5 - Read-Only']
Employee Type + Job Title + Department,Employee,HR,Coordinator,['App5 - User']
Employee Type + Job Title + Department,Employee,HR,Coordinator,['App6 - Power User']
Employee Type + Job Title + Department,Employee,HR,Specialist,['App1 - User']
Employee Type + Job Title + Department,Employee,HR,Specialist,['App2 - Power User']
Employee Type + Job Title + Department,Employee,HR,Specialist,['App6 - Power User']
Employee Type + Job Title + Department,Employee,HR,Associate,['App1 - Guest']
Employee Type + Job Title + Department,Employee,HR,Associate,['App2 - Read-Only']
Employee Type + Job Title + Department,Employee,HR,Associate,['App2 - User']
Employee Type + Job Title + Department,Employee,HR,Associate,['App3 - Guest']
Employee Type + Job Title + Department,Employee,HR,Associate,['App4 - Read-Only']
Employee Type + Job Title + Department,Employee,HR,Associate,['App5 - Admin']
Employee Type + Job Title + Department,Employee,HR,Associate,['App5 - Power User']
Employee Type + Job Title + Department,Employee,HR,Associate,['App5 - User']
Employee Type + Job Title + Department,Employee,HR,Associate,['App6 - Admin']
Employee Type + Job Title + Department,Employee,HR,Associate,['App6 - Power User']
Employee Type + Job Title + Department,Employee,HR,Associate,['App8 - Admin']
Employee Type + Job Title + Department,Employee,HR,Associate,['App8 - Read-Only']
Employee Type + Job Title + Department,Employee,HR,Analyst,['App1 - User']
Employee Type + Job Title + Department,Employee,HR,Analyst,['App6 - Read-Only']
Employee Type + Job Title + Department,Employee,HR,Analyst,['App8 - Read-Only']
Employee Type + Job Title + Department,Employee,HR,Analyst,['App9 - Admin']
Employee Type + Job Title + Department,Employee,HR,Director,['App1 - Guest']
Employee Type + Job Title + Department,Employee,HR,Director,['App2 - Power User']
Employee Type + Job Title + Department,Employee,HR,Director,['App2 - Read-Only']
Employee Type + Job Title + Department,Employee,HR,Director,['App3 - Guest']
Employee Type + Job Title + Department,Employee,HR,Director,['App4 - Read-Only']
Employee Type + Job Title + Department,Employee,HR,Director,['App5 - Admin']
Employee Type + Job Title + Department,Employee,HR,Director,['App5 - Power User']
Employee Type + Job Title + Department,Employee,HR,Director,['App8 - Admin']
Employee Type + Job Title + Department,Employee,HR,Manager,['App3 - Power User']
Employee Type + Job Title + Department,Employee,HR,Manager,['App4 - Admin']
Employee Type + Job Title + Department,Employee,HR,Manager,['App4 - Read-Only']
Employee Type + Job Title + Department,Employee,HR,Manager,['App5 - Admin']
Employee Type + Job Title + Department,Employee,HR,Manager,['App5 - Power User']
Employee Type + Job Title + Department,Employee,HR,Manager,['App5 - Read-Only']
Employee Type + Job Title + Department,Employee,HR,Manager,['App5 - User']
Employee Type + Job Title + Department,Employee,HR,Manager,['App6 - Admin']
Employee Type + Job Title + Department,Employee,HR,Manager,['App6 - Read-Only']
Employee Type + Job Title + Department,Employee,HR,Manager,['App8 - Admin']
Employee Type + Job Title + Department,Employee,HR,Manager,['App9 - Admin']
Employee Type + Job Title + Department,Employee,HR,Consultant,['App1 - Guest']
Employee Type + Job Title + Department,Employee,HR,Consultant,['App5 - User']
Employee Type + Job Title + Department,Employee,HR,Consultant,['App9 - Admin']
Employee Type + Department,Intern,HR,All,['App10 - Read-Only']
Employee Type + Department,Intern,HR,All,['App3 - Power User']
Employee Type + Department,Intern,HR,All,['App4 - Admin']
Employee Type + Department,Intern,HR,All,['App5 - Power User']
Employee Type + Job Title + Department,Intern,HR,Consultant,['App2 - Power User']
Employee Type + Job Title + Department,Intern,HR,Consultant,['App3 - Guest']
Employee Type + Job Title + Department,Intern,HR,Consultant,['App6 - Admin']
Employee Type + Job Title + Department,Intern,HR,Consultant,['App7 - Read-Only']
Employee Type + Job Title + Department,Intern,HR,Consultant,['App7 - User']
Employee Type + Job Title + Department,Intern,HR,Specialist,['App1 - Power User']
Employee Type + Job Title + Department,Intern,HR,Specialist,['App2 - Admin']
Employee Type + Job Title + Department,Intern,HR,Specialist,['App2 - Read-Only']
Employee Type + Job Title + Department,Intern,HR,Specialist,['App3 - Guest']
Employee Type + Job Title + Department,Intern,HR,Specialist,['App5 - Read-Only']
Employee Type + Job Title + Department,Intern,HR,Specialist,['App6 - Admin']
Employee Type + Job Title + Department,Intern,HR,Specialist,['App6 - Power User']
Employee Type + Job Title + Department,Intern,HR,Specialist,['App7 - User']
Employee Type + Job Title + Department,Intern,HR,Specialist,['App8 - Read-Only']
Employee Type + Job Title + Department,Intern,HR,Director,['App1 - Read-Only']
Employee Type + Job Title + Department,Intern,HR,Director,['App4 - Read-Only']
Employee Type + Job Title + Department,Intern,HR,Director,['App6 - Read-Only']
Employee Type + Job Title + Department,Intern,HR,Coordinator,['App1 - Guest']
Employee Type + Job Title + Department,Intern,HR,Coordinator,['App2 - Admin']
Employee Type + Job Title + Department,Intern,HR,Coordinator,['App6 - Power User']
Employee Type + Job Title + Department,Intern,HR,Analyst,['App1 - Guest']
Employee Type + Job Title + Department,Intern,HR,Analyst,['App1 - Read-Only']
Employee Type + Job Title + Department,Intern,HR,Analyst,['App3 - User']
Employee Type + Job Title + Department,Intern,HR,Analyst,['App6 - Power User']
Employee Type + Job Title + Department,Intern,HR,Analyst,['App8 - Read-Only']
Employee Type + Job Title + Department,Intern,HR,Associate,['App1 - Guest']
Employee Type + Job Title + Department,Intern,HR,Associate,['App1 - Power User']
Employee Type + Job Title + Department,Intern,HR,Associate,['App2 - Admin']
Employee Type + Job Title + Department,Intern,HR,Associate,['App2 - Power User']
Employee Type + Job Title + Department,Intern,HR,Associate,['App2 - Read-Only']
Employee Type + Job Title + Department,Intern,HR,Associate,['App3 - Guest']
Employee Type + Job Title + Department,Intern,HR,Associate,['App5 - Admin']
Employee Type + Job Title + Department,Intern,HR,Associate,['App6 - Power User']
Employee Type + Job Title + Department,Intern,HR,Associate,['App6 - Read-Only']
Employee Type + Job Title + Department,Intern,HR,Associate,['App7 - Read-Only']
Employee Type + Job Title + Department,Intern,HR,Associate,['App8 - Read-Only']
Employee Type + Job Title + Department,Intern,HR,Manager,['App2 - Power User']
Employee Type + Job Title + Department,Intern,HR,Manager,['App5 - Read-Only']
Employee Type + Job Title + Department,Intern,HR,Manager,['App6 - Admin']
Employee Type + Job Title + Department,Intern,HR,Manager,['App7 - Read-Only']
