First Name,Last Name,Username,Department,Job Title,County,Application Name,Account Name,Role or Permission,EmployeeType
FNuser1,LNuser1,user1,Marketing,Analyst,Colonia,Active Directory,user1,appaccess1,Employee
FNuser1,LNuser1,user1,Marketing,Analyst,Colonia,Active Directory,user1,appaccess2,Employee
FNuser1,LNuser1,user1,Marketing,Analyst,Colonia,Active Directory,user1,appaccess3,Employee
FNuser1,LNuser1,user1,Marketing,Analyst,Colonia,Active Directory,user1,appaccess4,Employee
FNuser2,LNuser2,user2,Marketing,Analyst,Colonia,Active Directory,user2,appaccess1,Employee
FNuser2,LNuser2,user2,Marketing,Analyst,Colonia,Active Directory,user2,appaccess2,Employee
FNuser2,LNuser2,user2,Marketing,Analyst,Colonia,Active Directory,user2,appaccess3,Employee
FNuser2,LNuser2,user2,Marketing,Analyst,Colonia,Active Directory,user2,appaccess4,Employee
FNuser2,LNuser2,user2,Marketing,Analyst,Colonia,Active Directory,user2,appaccess5,Employee
FNuser3,LNuser3,user3,Marketing,Analyst,Colonia,Active Directory,user3,appaccess1,Employee
FNuser3,LNuser3,user3,Marketing,Analyst,Colonia,Active Directory,user3,appaccess2,Employee
FNuser3,LNuser3,user3,Marketing,Analyst,Colonia,Active Directory,user3,appaccess3,Employee
FNuser3,LNuser3,user3,Marketing,Analyst,Colonia,Active Directory,user3,appaccess4,Employee
FNuser4,LNuser4,user4,Marketing,Analyst,Colonia,Active Directory,user4,appaccess1,Employee
FNuser4,LNuser4,user4,Marketing,Analyst,Colonia,Active Directory,user4,appaccess2,Employee
FNuser4,LNuser4,user4,Marketing,Analyst,Colonia,Active Directory,user4,appaccess3,Employee
FNuser4,LNuser4,user4,Marketing,Analyst,Colonia,Active Directory,user4,appaccess4,Employee
FNuser4,LNuser4,user4,Marketing,Analyst,Colonia,Active Directory,user4,appaccess5,Employee
FNuser5,LNuser5,user5,Finance,Analyst,Colonia,Active Directory,user5,appaccess1,Employee
FNuser5,LNuser5,user5,Finance,Analyst,Colonia,Active Directory,user5,appaccess2,Employee
FNuser5,LNuser5,user5,Finance,Analyst,Colonia,Active Directory,user5,appaccess3,Employee
FNuser5,LNuser5,user5,Finance,Analyst,Colonia,Active Directory,user5,appaccess4,Employee
FNuser5,LNuser5,user5,Finance,Analyst,Colonia,Active Directory,user5,appaccess5,Employee
FNuser6,LNuser6,user6,Finance,Analyst,Colonia,Active Directory,user6,appaccess1,Employee
FNuser6,LNuser6,user6,Finance,Analyst,Colonia,Active Directory,user6,appaccess2,Employee
FNuser6,LNuser6,user6,Finance,Analyst,Colonia,Active Directory,user6,appaccess3,Employee
FNuser6,LNuser6,user6,Finance,Analyst,Colonia,Active Directory,user6,appaccess4,Employee
FNuser6,LNuser6,user6,Finance,Analyst,Colonia,Active Directory,user6,appaccess5,Employee
FNuser7,LNuser7,user7,Finance,Analyst,Colonia,Active Directory,user7,appaccess1,Employee
FNuser7,LNuser7,user7,Finance,Analyst,Colonia,Active Directory,user7,appaccess2,Employee
FNuser7,LNuser7,user7,Finance,Analyst,Colonia,Active Directory,user7,appaccess3,Employee
FNuser7,LNuser7,user7,Finance,Analyst,Colonia,Active Directory,user7,appaccess4,Employee
FNuser7,LNuser7,user7,Finance,Analyst,Colonia,Active Directory,user7,appaccess5,Employee
FNuser8,LNuser8,user8,Finance,Analyst,Colonia,Active Directory,user8,appaccess1,Employee
FNuser8,LNuser8,user8,Finance,Analyst,Colonia,Active Directory,user8,appaccess2,Employee
FNuser8,LNuser8,user8,Finance,Analyst,Colonia,Active Directory,user8,appaccess3,Employee
FNuser8,LNuser8,user8,Finance,Analyst,Colonia,Active Directory,user8,appaccess4,Employee
FNuser8,LNuser8,user8,Finance,Analyst,Colonia,Active Directory,user8,appaccess5,Employee
FNuser9,LNuser9,user9,Finance,Analyst,Colonia,Active Directory,user9,appaccess1,Employee
FNuser9,LNuser9,user9,Finance,Analyst,Colonia,Active Directory,user9,appaccess3,Employee
FNuser9,LNuser9,user9,Finance,Analyst,Colonia,Active Directory,user9,appaccess4,Employee
FNuser9,LNuser9,user9,Finance,Analyst,Colonia,Active Directory,user9,appaccess5,Employee