user_id,age,gender,location,News,Sports,Tech,Travel,Health,Fashion,Science,Finance,Music,Art,Food,Education,cluster
0,68,Female,South Brianfort,5,5,1,3,3,4,0,3,5,0,3,0,1
1,51,Female,West Kathy,3,3,4,2,2,2,1,1,3,0,0,3,-1
2,47,Male,West Johnchester,0,3,1,4,5,4,5,2,3,2,3,1,0
3,60,Female,New Stacey,4,1,1,1,2,0,0,0,0,5,3,1,-1
4,29,Female,Port Heather,5,0,3,0,1,4,1,0,2,1,0,1,-1
5,68,Female,Lake Bryan,4,2,0,3,5,0,4,4,2,0,0,3,-1
6,68,Male,North Karen,4,1,2,1,0,3,0,4,2,5,0,5,2
7,29,Female,New Dawnton,3,5,5,2,1,1,2,4,2,3,5,2,-1
8,22,Male,East Jason,4,4,2,2,4,5,2,5,3,3,4,3,1
9,38,Female,Boyleport,5,1,5,1,3,2,1,4,2,0,1,0,1
10,23,Female,Lake Brittanyburgh,1,0,3,2,5,1,3,1,3,4,4,3,0
11,79,Male,East Justinhaven,1,5,2,4,5,4,1,4,3,0,1,1,2
12,30,Female,Lake Sethmouth,5,4,4,0,3,4,1,1,5,0,1,1,2
13,61,Male,New Markchester,0,3,4,1,4,1,2,3,4,0,5,1,0
14,59,Female,South Joshuaberg,4,3,5,0,0,3,3,2,2,3,5,3,2
15,73,Male,New Hollyborough,0,2,4,0,1,3,4,0,2,1,4,1,-1
16,46,Female,Melodyville,1,3,3,3,3,5,3,1,5,2,3,5,2
17,23,Female,East Charles,1,1,3,2,2,5,5,3,2,4,5,1,0
18,24,Male,East Shawn,2,1,3,1,5,0,5,5,3,5,0,4,-1
19,35,Female,North Karentown,4,3,4,3,4,2,5,5,1,0,5,4,2
20,23,Male,Lake Fernandoshire,3,2,0,4,4,5,0,0,3,0,4,5,-1
21,55,Male,Lake Tammiemouth,3,3,1,1,5,0,2,1,0,4,4,1,1
22,78,Female,West Moniqueside,3,3,1,0,2,3,0,5,4,3,3,3,0
23,47,Male,Zacharymouth,1,4,2,5,0,5,2,4,4,2,5,0,-1
24,52,Female,North Jennifershire,0,2,0,1,4,0,5,4,2,1,4,3,0
25,24,Male,West Matthewburgh,2,4,0,4,4,2,1,1,1,3,5,1,0
26,26,Male,West Tony,5,0,3,4,1,3,3,2,5,0,0,5,2
27,72,Male,Port David,0,5,4,2,2,3,2,2,4,1,5,4,2
28,55,Female,Dianeport,2,1,5,2,2,2,2,0,2,3,3,0,1
29,77,Male,Cartermouth,0,2,3,5,3,3,0,0,3,2,2,2,0
30,74,Male,East Jamesport,2,4,5,4,4,2,4,3,0,4,4,4,1
31,69,Female,South Anthonystad,5,3,1,4,4,4,5,0,2,3,5,0,2
32,67,Male,West Michael,3,4,2,5,2,0,5,3,5,0,4,4,1
33,34,Male,Lake Cliffordstad,2,5,1,0,0,3,0,0,1,4,0,0,0
34,28,Female,Wyattfort,0,1,4,2,4,0,3,5,0,2,2,0,2
35,18,Female,Elizabethton,4,0,2,1,3,1,4,1,4,0,3,0,1
36,41,Male,Port Pennyhaven,3,4,3,1,0,0,0,2,0,1,3,2,0
37,49,Female,Sparksbury,4,2,1,0,0,3,4,3,4,2,5,2,2
38,68,Female,North Tylerhaven,4,4,1,1,5,0,0,4,3,4,4,0,1
39,80,Female,Mcclurebury,0,0,2,2,5,5,4,1,0,3,0,0,1
40,19,Female,North Travis,0,5,3,5,3,1,3,0,0,4,2,3,1
41,28,Male,New Nathanport,1,2,0,1,1,3,4,4,4,2,2,0,0
42,44,Male,New Victoria,4,0,3,4,1,1,3,4,0,2,5,5,2
43,19,Male,New Zacharyberg,4,4,1,2,2,2,1,1,1,4,3,5,1
44,76,Male,East Andrew,0,2,1,2,4,3,1,1,3,2,4,3,-1
45,67,Male,Port Tara,5,5,0,2,3,0,4,1,2,0,4,2,0
46,25,Male,Lake Jacob,3,5,3,4,4,3,1,3,1,1,2,3,1
47,56,Female,Danaside,5,4,5,1,3,4,4,0,4,3,4,0,0
48,27,Female,Stevenbury,5,1,0,1,2,4,1,5,0,0,1,3,-1
49,38,Female,Port Markport,2,0,0,1,4,1,1,0,4,5,3,5,2
50,74,Male,Laurastad,4,0,0,4,5,2,5,2,5,3,5,0,1
51,72,Female,South Michael,3,4,5,0,1,0,3,5,0,2,4,5,-1
52,67,Female,North Annemouth,5,4,3,4,4,3,1,1,0,5,4,2,0
53,48,Female,Susanside,3,5,0,5,3,1,0,3,1,0,0,1,1
54,62,Male,New Analand,4,0,5,2,1,4,1,0,5,4,4,1,1
55,66,Male,Davismouth,0,0,2,0,3,5,0,0,2,2,5,4,2
56,76,Female,Port Annafurt,0,1,5,4,1,1,1,1,2,2,4,5,-1
57,70,Male,Moodyhaven,4,2,5,1,3,4,3,5,0,5,4,1,2
58,62,Male,Graystad,3,4,0,4,0,3,4,5,5,0,1,0,1
59,36,Female,Deniseshire,1,0,3,1,4,5,2,0,1,3,2,5,1
60,31,Female,Pamelaburgh,2,5,4,3,5,3,2,1,3,2,3,2,1
61,51,Female,Lake Elizabethbury,0,2,4,1,4,2,1,2,5,3,2,5,2
62,44,Female,New Patriciatown,3,0,2,0,4,3,1,0,5,2,5,4,0
63,58,Female,North Tamaraview,5,2,2,3,2,5,2,0,3,0,2,4,-1
64,28,Male,South Linda,5,2,4,2,2,1,1,4,4,5,3,4,1
65,38,Male,New Markburgh,3,3,3,5,4,0,0,5,1,4,3,3,0
66,40,Female,Keithview,4,4,3,3,4,2,1,5,1,2,0,4,2
67,44,Male,Port Lori,2,4,1,5,4,0,5,3,3,5,4,1,2
68,37,Male,Millsside,4,1,0,4,4,2,3,1,0,2,5,2,1
69,75,Male,Villegasfurt,2,1,4,0,3,3,5,0,5,0,0,2,1
70,61,Female,West Cindy,2,0,2,3,2,0,5,1,4,0,5,5,1
71,33,Female,New Joshua,3,5,3,4,4,2,5,3,5,2,5,2,-1
72,44,Male,New Roy,2,1,2,2,0,0,0,3,3,3,3,4,0
73,80,Male,New Nicolemouth,4,1,3,5,3,5,3,1,5,1,5,3,-1
74,35,Male,Santanafurt,3,0,2,1,3,3,2,4,4,5,2,4,0
75,71,Female,Lake Jesse,0,2,2,1,1,3,4,0,0,5,1,4,2
76,39,Male,Simmonsshire,2,3,3,2,2,0,3,1,4,1,2,3,2
77,41,Female,New Johnville,4,0,5,4,0,3,0,4,5,0,2,0,-1
78,29,Female,Lake Stephentown,1,3,2,4,5,1,5,4,4,5,1,0,2
79,21,Female,North Ronaldville,1,1,1,3,5,1,0,4,1,4,3,4,-1
80,75,Female,Livingstonton,2,1,4,1,1,2,4,4,1,3,5,0,0
81,28,Male,Burnsberg,2,3,2,1,2,4,2,2,5,3,2,4,1
82,28,Male,East Cameron,4,2,4,0,5,3,3,1,3,4,1,1,2
83,51,Female,Brianport,2,1,1,0,0,2,4,5,2,4,4,0,-1
84,48,Female,Lozanoborough,4,4,5,5,1,0,2,2,1,0,1,0,1
85,66,Male,East Erinburgh,3,1,1,3,5,5,0,1,4,2,2,5,-1
86,80,Male,North Angelaborough,3,5,2,0,5,5,3,0,5,5,0,3,-1
87,22,Female,West Kenneth,5,1,0,4,3,4,0,0,3,0,0,1,2
88,41,Female,Laraburgh,3,0,5,2,4,4,4,5,4,3,0,1,2
89,65,Male,North Claytonland,1,1,0,4,0,5,5,5,2,5,2,3,1
90,51,Male,Marioshire,0,5,1,1,2,0,5,5,2,0,1,2,-1
91,70,Male,Taylorbury,4,4,2,0,5,1,2,2,1,5,5,3,-1
92,47,Female,Fieldschester,4,1,4,1,5,0,2,2,5,0,0,3,1
93,25,Male,Feliciaberg,4,3,1,1,0,5,2,5,3,4,2,2,-1
94,29,Male,Lake Shanefurt,1,3,0,0,0,4,3,2,1,1,2,2,-1
95,41,Female,South Laurentown,0,0,5,0,5,3,4,2,0,2,5,5,2
96,76,Female,Johnstad,0,5,2,4,2,5,1,5,5,3,3,0,0
97,26,Male,Port Teresa,3,2,3,4,4,1,2,5,1,3,4,3,1
98,65,Male,North Manueltown,5,5,5,0,0,1,4,4,4,1,0,5,1
99,76,Female,North Timothyberg,3,5,5,5,0,4,4,0,0,2,1,2,0
100,34,Male,South Amanda,2,0,3,5,0,5,0,5,4,3,0,5,0
101,66,Male,Wisebury,0,4,4,3,2,1,0,2,1,5,5,5,-1
102,45,Female,West Mikayla,4,1,3,3,4,3,1,4,3,1,1,2,2
103,66,Male,West Thomas,4,3,4,5,4,1,5,4,5,3,0,0,1
104,59,Female,West Seanside,3,2,4,0,2,5,4,2,0,1,2,5,0
105,50,Female,Lake Chelsea,4,2,4,0,0,5,0,5,0,4,5,2,-1
106,24,Female,Lake Helenburgh,0,1,0,5,0,4,5,3,4,0,2,2,1
107,31,Female,West Brianna,5,4,3,5,4,4,5,2,4,5,0,4,-1
108,53,Female,Aprilmouth,0,5,3,0,0,1,2,0,0,2,2,1,0
109,68,Female,Suarezmouth,0,0,4,5,4,5,5,0,3,2,2,0,-1
110,66,Female,Crystalhaven,4,5,0,2,5,4,5,1,2,3,0,1,2
111,33,Male,North Laurafurt,2,4,1,2,0,0,3,3,4,4,3,1,0
112,35,Male,East Craig,0,0,1,0,5,0,3,0,1,5,0,3,0
113,79,Male,Lake Kenneth,5,2,5,0,3,5,0,5,5,4,4,1,0
114,41,Male,West Dana,3,0,3,2,3,2,3,4,2,1,3,5,0
115,20,Female,Lake Evelyn,5,5,0,5,2,1,0,0,1,2,4,1,2
116,60,Male,Port Sheila,5,0,4,0,0,2,3,5,3,0,3,0,-1
117,79,Male,Lake Jenniferview,4,4,3,5,4,1,4,3,4,3,0,2,-1
118,24,Female,West Scotthaven,5,4,0,3,5,1,5,3,5,5,3,3,2
119,63,Male,North Gregory,5,5,0,1,0,2,0,4,1,5,4,3,2
120,75,Female,Lake Cindy,5,4,5,5,0,2,3,1,5,2,5,2,-1
121,55,Male,Port Douglasborough,1,5,1,3,5,1,0,2,2,3,3,0,0
122,39,Male,Port Tammy,2,2,4,2,3,1,1,0,4,4,4,0,0
123,80,Female,South Jay,0,5,5,2,1,0,5,3,4,4,1,4,0
124,66,Female,Lake Robert,1,5,5,5,1,4,4,5,4,4,1,5,2
125,57,Male,Hamptonberg,2,3,5,3,5,2,0,0,4,0,5,1,-1
126,22,Female,New Brandiland,2,3,3,3,2,3,4,5,2,3,2,0,2
127,18,Female,Marissaville,5,2,1,1,2,3,1,5,2,0,1,2,2
128,57,Female,Strongmouth,5,2,0,3,3,5,2,0,3,2,4,2,2
129,56,Female,Lake Megan,5,3,4,1,0,3,1,3,3,2,3,1,-1
130,66,Female,Watersmouth,4,1,0,4,5,4,5,4,4,1,3,1,0
131,54,Male,Keyshire,5,4,1,2,2,1,0,2,4,0,3,3,2
132,42,Male,Kristaville,1,0,3,3,0,0,5,4,1,5,2,5,0
133,44,Male,Port Christopher,2,4,3,2,4,4,2,4,0,3,2,5,-1
134,53,Female,North Jamesview,5,1,0,1,2,4,2,3,0,2,5,3,-1
135,46,Male,New Whitney,0,1,5,4,5,4,1,0,3,2,4,0,1
136,61,Female,Markstad,3,4,4,1,2,1,2,5,2,0,2,3,2
137,40,Male,Maldonadohaven,0,0,0,0,3,0,3,2,2,0,1,5,0
138,44,Male,New Derekborough,5,0,2,1,4,2,2,5,5,0,1,1,0
139,37,Male,New Samanthamouth,0,2,3,3,5,1,2,3,0,3,1,4,-1
140,32,Male,Byrdville,0,1,2,1,5,4,0,0,3,0,3,5,0
141,78,Female,Lake Jason,5,2,0,5,1,4,4,4,4,2,5,0,1
142,80,Female,Hickmanfurt,2,0,0,1,2,3,4,1,5,2,5,2,2
143,28,Male,North Tara,3,4,5,4,4,4,2,3,1,5,5,1,-1
144,60,Male,New Huntertown,5,3,3,1,0,1,3,4,0,2,4,2,-1
145,37,Male,South Hannahshire,5,1,0,3,4,1,3,4,3,1,0,3,-1
146,72,Male,New Shaunside,1,3,4,5,1,4,3,3,4,2,2,0,1
147,42,Male,Perezchester,3,3,5,0,5,0,2,2,5,2,0,1,-1
148,57,Male,Mayville,1,3,3,3,0,4,4,4,3,4,0,0,2
149,52,Male,Williamsport,2,5,5,4,0,5,4,1,3,1,5,0,-1
150,45,Male,Stevenmouth,1,5,2,4,1,1,1,3,4,1,1,3,1
151,68,Female,South Nicoleshire,5,4,5,0,1,2,4,1,0,1,2,4,0
152,63,Male,East Nicholeberg,2,0,3,5,2,0,2,1,2,5,5,2,-1
153,48,Male,Careyhaven,0,4,2,3,5,3,1,4,5,3,1,0,0
154,28,Female,Adrianton,2,2,0,5,3,5,0,2,3,3,0,2,0
155,45,Female,West Robertfort,5,4,0,5,3,0,2,0,0,3,0,0,-1
156,62,Male,New Jaredfurt,1,2,5,3,0,3,3,1,2,1,1,4,1
157,54,Female,Steelemouth,3,3,3,1,0,4,2,5,5,0,0,1,2
158,56,Male,New Robertland,1,5,4,5,2,4,4,2,3,2,0,1,0
159,29,Female,Port Lindsey,4,1,3,3,3,2,3,4,4,3,3,4,1
160,57,Female,East Adamburgh,2,3,4,4,5,4,4,3,2,2,4,1,0
161,29,Female,South Kaitlyn,0,5,2,3,4,4,3,5,3,4,5,0,-1
162,54,Female,Reedmouth,4,0,4,3,4,5,1,2,4,0,0,4,1
163,64,Male,Bradfort,2,5,0,3,4,0,1,3,4,0,5,2,2
164,57,Male,New Carol,3,0,2,1,3,1,4,2,5,2,1,5,1
165,45,Male,Rhondamouth,2,2,2,2,3,4,1,2,4,3,1,1,-1
166,40,Female,West Breannafurt,1,2,0,4,1,1,1,0,2,0,4,3,0
167,73,Female,Robertoborough,0,5,5,5,5,3,0,1,4,5,3,2,0
168,19,Female,Lake Charles,5,4,5,0,3,0,5,5,2,0,2,0,-1
169,23,Male,Lake Vanessafort,5,3,4,2,1,0,3,0,4,4,0,2,1
170,59,Male,Lake Matthewburgh,1,3,0,3,5,2,4,1,3,4,4,1,0
171,37,Female,Shawnburgh,1,2,5,5,4,0,2,5,1,2,0,1,-1
172,60,Male,Port Jesse,3,4,1,1,0,1,1,5,1,5,1,1,2
173,74,Female,New Kathleenstad,0,4,4,1,1,4,1,5,3,5,3,3,0
174,60,Female,Lewischester,5,4,4,3,0,5,4,2,5,1,2,3,1
175,30,Male,South Jennifer,5,5,4,1,4,1,1,1,1,3,0,5,2
176,43,Male,South Christopherview,0,0,4,3,4,2,4,5,1,2,3,1,0
177,33,Female,Port Steven,4,5,4,1,1,4,3,2,1,1,3,4,2
178,78,Female,Port Michellemouth,2,3,2,3,5,1,1,0,0,0,0,3,0
179,58,Male,North Theresaburgh,1,2,5,5,3,3,4,3,2,2,4,3,2
180,78,Female,New Richard,5,4,3,0,4,4,4,5,4,1,5,5,1
181,22,Male,Port Jessicafort,1,4,2,4,1,5,1,0,2,4,2,3,2
182,37,Male,North Helen,1,3,4,3,4,4,0,2,1,1,4,3,-1
183,60,Male,Maryfort,4,0,3,2,2,1,0,5,2,3,5,1,0
184,45,Male,Leeview,1,0,4,3,0,4,4,1,2,2,5,1,2
185,47,Female,Sallyside,2,0,5,2,2,5,5,2,2,2,2,0,2
186,71,Female,South Traci,3,5,3,0,5,2,1,3,4,3,3,0,1
187,68,Female,Port Michele,4,0,0,4,5,2,0,2,0,4,3,0,-1
188,63,Female,Port Jeffreyland,1,1,4,0,0,5,4,1,1,0,0,2,2
189,60,Male,Lake Nicholasport,0,1,2,5,2,5,5,4,5,2,0,4,-1
190,19,Female,Port Tyler,3,5,2,0,4,3,1,1,0,1,4,0,2
191,74,Male,Williamland,5,0,2,0,1,2,3,2,3,1,2,3,1
192,51,Male,Stephanieville,3,4,2,4,4,5,2,2,1,3,1,0,1
193,80,Male,Port Courtneybury,2,2,0,2,5,3,2,5,4,0,0,0,0
194,35,Female,Johnsonmouth,4,5,4,2,5,3,3,1,2,3,4,4,0
195,51,Female,New Brandimouth,5,0,0,1,4,3,4,1,2,5,3,5,2
196,49,Male,Jesuston,2,5,1,2,4,1,5,4,4,2,4,5,-1
197,79,Male,New Troymouth,3,5,4,3,4,4,2,5,5,2,0,1,1
198,22,Male,Lake Danaview,5,5,0,3,0,2,0,3,0,0,1,5,0
199,73,Female,Lake Deannaside,0,2,1,3,2,1,0,2,2,5,5,1,-1
200,36,Female,Lake Dawnchester,0,3,5,1,3,3,4,3,5,2,3,2,0
201,50,Male,Lake Carolyn,4,4,5,1,2,3,3,1,1,5,0,0,2
202,54,Female,Jonathanmouth,1,0,3,3,0,1,2,4,3,0,1,4,-1
203,51,Female,Melissaton,1,5,0,2,2,5,2,0,0,3,4,4,-1
204,32,Female,Lake John,2,2,3,2,1,5,1,3,3,5,4,0,2
205,19,Female,Howardside,4,0,3,5,0,1,1,5,5,0,2,1,-1
206,40,Female,Garychester,3,0,4,0,0,2,1,3,5,4,0,1,1
207,45,Male,Mccarthybury,2,4,4,0,5,5,1,0,4,3,3,0,-1
208,38,Female,South Rodney,4,0,0,4,4,2,0,1,2,3,5,2,0
209,33,Male,East Davidmouth,3,5,0,2,5,2,1,5,3,5,4,5,0
210,31,Male,Normanville,3,5,3,3,0,0,1,1,4,4,1,5,1
211,43,Male,Port Emilyfurt,2,0,1,4,2,3,5,0,4,3,5,2,-1
212,49,Female,East Steven,2,2,0,0,5,2,4,4,5,0,5,4,1
213,18,Female,Clarkland,3,1,4,5,5,2,0,2,0,1,1,5,1
214,21,Male,Caseburgh,0,3,2,2,0,0,5,3,2,0,5,4,1
215,34,Male,East Gary,4,5,2,1,2,2,3,1,4,1,3,5,1
216,62,Male,Hufffort,0,0,2,0,3,1,1,0,1,0,0,1,2
217,67,Female,East Paul,2,2,0,0,5,4,2,2,1,2,2,2,2
218,75,Female,Jonesberg,5,0,3,2,2,1,0,2,1,4,0,1,-1
219,21,Female,Lisabury,2,0,2,3,3,2,5,3,0,5,2,1,1
220,31,Female,New Jesseburgh,5,0,3,1,5,5,2,2,2,4,2,3,0
221,79,Female,Port Jasonburgh,5,0,5,0,3,3,2,2,0,0,3,1,-1
222,53,Female,Caitlynshire,2,2,5,4,1,2,5,2,4,2,4,4,1
223,56,Male,North Victoria,4,5,4,4,4,2,1,1,0,2,2,0,0
224,57,Female,East Maria,2,1,4,5,5,2,1,2,5,2,0,2,2
225,26,Male,Bergport,0,4,0,3,3,2,1,5,2,5,5,1,0
226,56,Male,North Samantha,5,3,2,5,0,3,0,3,1,5,2,3,-1
227,18,Male,Stephenhaven,2,2,1,4,0,5,1,1,0,3,4,2,1
228,35,Male,Lake Justin,3,5,0,1,1,4,5,1,1,3,2,1,0
229,68,Male,Grayshire,5,5,2,2,4,5,2,5,3,4,1,1,1
230,25,Male,Dianeborough,4,0,1,0,3,3,2,0,3,2,2,5,-1
231,22,Female,New Darrell,4,0,5,4,3,2,0,3,5,4,2,5,1
232,76,Male,Georgetown,4,2,2,2,3,5,3,2,0,2,5,4,2
233,26,Female,Stewartfort,5,3,2,3,2,4,5,2,2,4,4,2,0
234,62,Female,West Robertville,2,3,5,4,0,2,0,2,5,1,0,3,1
235,21,Male,Middletonmouth,1,3,1,4,5,2,2,0,1,5,3,2,1
236,68,Male,New Michaeltown,3,1,4,5,3,5,4,1,2,1,5,4,0
237,21,Female,Michellestad,1,1,5,1,4,3,4,4,5,1,5,1,1
238,24,Male,Duffyton,2,0,5,1,1,1,0,3,5,1,0,3,0
239,55,Male,Mullinsland,5,4,4,0,1,5,3,2,0,3,4,2,2
240,75,Male,Port Katelynburgh,5,1,2,4,1,5,2,2,1,1,3,0,-1
241,68,Male,Palmerfurt,4,3,3,5,0,4,5,1,4,0,4,0,-1
242,42,Male,Jonesland,4,2,0,3,4,1,3,3,1,4,3,0,0
243,26,Male,Lake Whitneybury,2,0,0,3,1,0,3,2,1,0,3,4,-1
244,24,Male,Wheelerbury,4,3,3,2,5,4,3,5,4,3,5,3,2
245,44,Male,Floresbury,0,0,1,5,5,2,5,2,0,5,0,0,2
246,64,Male,New Jennifer,5,2,3,1,2,1,0,3,2,4,4,0,0
247,28,Male,New Stevenchester,1,2,4,0,0,4,2,4,4,2,5,1,2
248,78,Female,South Angelashire,1,0,1,5,2,1,3,1,4,3,0,1,2
249,78,Male,Dawsonville,1,3,1,4,4,5,3,2,0,1,5,3,-1
250,47,Female,Flynnburgh,0,4,4,5,5,2,5,1,3,5,2,1,2
251,73,Female,Bishopfurt,0,4,0,0,2,0,3,5,5,1,2,2,0
252,75,Male,Hallstad,4,3,5,0,2,3,5,1,0,1,1,2,1
253,22,Female,Garciashire,3,2,2,4,2,4,1,3,0,1,5,3,-1
254,59,Male,Hoshire,2,4,2,3,2,1,5,4,3,0,4,3,1
255,29,Female,North Joshua,2,0,3,3,1,2,5,5,4,0,0,1,-1
256,28,Male,West Melissa,0,5,0,5,3,1,4,5,5,5,5,0,1
257,57,Male,Darlenetown,1,2,5,0,3,4,1,5,2,4,2,0,2
258,42,Male,Whiteheadville,5,5,4,1,1,0,1,2,4,2,5,1,2
259,36,Male,Danielborough,3,0,5,2,0,3,4,3,1,1,3,2,-1
260,49,Female,Melanieview,0,1,0,5,0,2,2,0,5,3,3,0,1
261,34,Female,Sarahfurt,2,3,0,0,5,0,4,2,3,5,1,2,0
262,20,Female,Roberttown,5,1,4,4,3,2,3,4,5,2,1,2,0
263,78,Male,New Raymond,1,3,2,0,0,4,4,3,2,5,1,4,2
264,65,Female,Carlsonville,2,1,2,1,5,5,4,4,0,0,5,5,1
265,23,Male,Port Rachel,3,2,2,5,5,2,5,1,0,4,2,3,-1
266,53,Female,South Markmouth,2,1,2,2,4,1,5,1,5,4,3,3,-1
267,39,Female,North Michelle,5,2,4,1,4,3,2,4,0,1,1,1,0
268,52,Female,Helenshire,3,0,1,5,5,0,2,4,0,1,2,5,1
269,33,Male,Donborough,5,3,5,5,2,5,4,5,4,5,0,0,0
270,56,Female,West Tracey,4,4,3,4,2,5,0,1,3,3,0,0,1
271,67,Female,West Javiershire,1,3,4,2,4,1,4,0,1,2,1,0,2
272,27,Male,Lake Lindashire,5,2,2,2,4,4,1,2,2,0,4,3,1
273,28,Female,Kaylaton,1,5,4,3,4,5,0,5,5,4,5,2,1
274,36,Female,Robertside,4,4,1,1,3,2,5,4,5,4,4,5,1
275,61,Female,New Kimside,0,3,0,1,3,0,1,3,5,4,0,2,-1
276,48,Male,Port Hannahfurt,1,0,1,1,4,4,2,1,2,0,3,3,-1
277,58,Female,New Jessica,4,1,2,2,0,5,3,1,3,1,2,0,-1
278,69,Female,Markmouth,0,5,4,3,2,1,1,5,1,4,4,4,1
279,40,Male,Parkstown,4,4,0,2,0,5,3,1,1,5,5,5,1
280,79,Female,Port Douglas,0,1,2,4,4,3,2,1,2,5,0,1,2
281,67,Male,Port Randall,5,3,4,2,0,3,5,1,1,4,1,2,-1
282,41,Female,West Kevinburgh,5,4,1,4,3,0,0,4,1,0,1,1,0
283,41,Male,East Kelsey,4,3,1,3,4,5,5,5,1,0,5,3,2
284,44,Female,South Brianberg,2,0,0,5,3,4,5,3,3,0,3,4,2
285,61,Male,Annefort,0,1,4,1,1,5,0,0,3,4,5,2,0
286,37,Male,East Josemouth,0,4,3,3,0,5,5,5,2,0,3,2,2
287,52,Male,Port Kayla,5,0,1,0,0,5,5,5,0,5,3,1,0
288,41,Male,Richardville,5,1,3,4,5,5,1,2,2,5,5,0,0
289,40,Female,Angelaberg,5,3,4,3,3,4,4,5,1,4,1,4,-1
290,26,Female,New Patriciafort,0,2,2,0,1,4,3,1,1,5,1,1,0
291,80,Male,Bethchester,3,2,3,0,1,0,3,1,5,4,4,1,2
292,54,Male,Port Loritown,2,2,5,5,2,5,4,0,1,5,4,2,2
293,60,Female,Hamiltonbury,3,3,3,5,3,0,3,2,1,0,0,3,-1
294,73,Male,South David,0,5,3,3,2,3,4,1,5,2,4,0,2
295,35,Female,North Sean,3,0,1,4,1,1,3,2,3,0,5,4,2
296,41,Male,South Tylerfurt,3,0,0,2,5,4,5,5,1,3,4,5,2
297,54,Female,West Elizabethstad,3,4,2,5,4,3,3,2,1,0,5,1,1
298,41,Female,Port Erika,2,5,4,1,0,2,0,1,3,2,0,3,-1
299,31,Male,Lake Jennifer,3,3,4,3,4,4,3,0,1,5,0,4,0
300,54,Female,Harrischester,2,3,0,0,1,5,0,2,4,2,2,5,-1
301,26,Female,Skinnerland,4,2,4,1,0,4,4,3,5,1,3,1,0
302,57,Male,Matthewston,3,2,5,0,2,4,0,0,3,1,1,1,0
303,63,Male,North Kristopherborough,0,0,0,5,2,1,3,3,4,5,4,2,2
304,52,Female,Lake Alexis,4,4,5,1,2,5,2,1,5,0,4,1,2
305,25,Male,East Marissafort,3,4,1,1,1,0,1,0,0,2,4,0,1
306,40,Male,Cohenshire,5,2,1,0,4,5,4,3,4,5,1,2,-1
307,53,Male,Patrickchester,4,5,5,4,1,4,3,1,2,3,1,2,2
308,53,Female,Brooksstad,2,1,2,5,0,2,3,5,5,5,2,2,0
309,41,Female,South Kathy,0,1,1,1,0,4,1,5,2,4,5,1,0
310,63,Male,New Kathleenshire,1,5,0,3,3,1,3,0,3,4,5,4,-1
311,72,Male,West Christineview,5,2,3,3,1,1,0,1,0,2,0,5,-1
312,37,Male,Albertshire,3,3,1,5,3,2,2,4,5,2,0,5,-1
313,25,Male,West Christopher,4,3,2,1,5,2,1,3,0,0,4,4,0
314,67,Male,Smithside,3,3,2,0,2,4,1,2,5,5,0,1,0
315,70,Female,East Nicholas,1,5,2,5,5,5,4,3,0,3,5,5,2
316,44,Male,Savageberg,2,4,0,0,0,2,3,5,2,5,3,4,1
317,79,Female,West Erikborough,4,4,3,1,3,4,2,4,5,1,2,0,1
318,60,Male,New Robertburgh,5,4,4,2,4,4,2,2,0,0,1,1,1
319,18,Female,West Hannahton,1,4,4,1,5,3,0,0,2,1,2,4,0
320,54,Female,Jonesstad,3,1,0,5,5,3,1,2,5,5,4,0,-1
321,18,Female,New Katherineside,2,5,2,4,5,4,3,5,0,1,1,2,2
322,25,Male,East Williamhaven,4,0,3,4,1,1,5,1,2,5,1,2,0
323,48,Male,Robertland,5,2,2,5,5,0,0,0,3,2,0,1,1
324,40,Male,Port Thomasfurt,4,0,3,5,0,2,5,0,0,5,1,0,2
325,61,Male,Steeleville,5,1,1,4,4,3,1,3,2,2,4,4,1
326,42,Female,Williamsstad,2,0,5,0,5,5,1,2,3,1,5,0,1
327,44,Female,Harrisontown,0,5,4,0,5,3,5,3,1,0,4,0,-1
328,42,Male,West Lynnview,3,1,0,4,0,4,5,1,3,1,3,0,1
329,57,Female,New Yvettetown,1,2,2,5,3,3,5,5,0,4,3,1,2
330,19,Female,Port Stephenburgh,4,3,1,5,2,3,4,4,1,2,2,1,0
331,74,Female,West Marcus,4,5,5,1,2,5,3,0,3,0,1,2,1
332,22,Male,Lake Alextown,5,5,2,4,4,3,4,2,0,3,4,3,-1
333,24,Male,North Mistyport,0,4,3,4,0,2,1,1,5,2,2,2,1
334,50,Male,Port Joshua,4,4,5,2,5,2,4,1,0,5,3,0,-1
335,26,Female,Lake Ashleymouth,2,5,3,1,0,1,5,1,5,1,0,3,1
336,33,Male,North Jenniferburgh,1,4,4,0,4,1,4,0,4,1,4,0,0
337,63,Male,North Dawnfurt,5,3,0,5,1,5,0,5,1,2,1,5,1
338,61,Female,Bartlettchester,2,5,1,3,3,2,3,4,2,4,2,4,1
339,64,Female,East Robert,0,2,5,0,5,1,1,0,2,1,5,2,1
340,31,Female,Justinberg,2,5,3,1,4,2,3,5,2,4,4,3,-1
341,72,Female,West Denise,1,5,3,0,2,3,2,2,5,2,2,4,0
342,41,Female,Alexandriaburgh,2,3,5,1,1,0,3,0,0,0,0,0,0
343,51,Female,South Jason,5,5,2,0,2,3,2,0,2,5,2,1,-1
344,70,Female,Michaelland,2,4,5,0,1,0,2,2,3,1,1,1,2
345,28,Male,Johnberg,4,5,5,4,5,1,4,5,2,4,4,3,1
346,59,Female,Ronaldstad,0,2,0,5,5,4,1,0,4,3,0,3,0
347,19,Male,New Spencerhaven,2,1,5,5,1,3,1,3,5,0,1,3,1
348,18,Male,West Micheal,1,4,5,3,4,5,0,1,5,3,5,2,1
349,33,Female,Middletonchester,2,3,1,4,5,0,2,4,1,0,4,0,2
350,59,Male,Port Paulborough,3,1,2,3,5,5,1,5,0,1,4,4,1
351,27,Male,South Andrew,5,5,2,5,5,5,0,3,3,1,1,1,1
352,80,Female,Davidville,1,5,2,3,1,5,5,3,4,4,1,3,1
353,33,Male,Hortonmouth,1,2,4,5,4,5,2,2,3,3,2,4,2
354,37,Female,North Madison,5,3,3,0,3,1,1,1,1,4,0,3,0
355,48,Male,Klineport,5,4,5,3,5,2,0,0,5,5,4,1,2
356,38,Male,South David,0,5,4,5,1,3,5,0,1,5,4,4,2
357,26,Female,South Robert,3,0,0,5,2,0,3,3,3,0,1,3,1
358,22,Male,Charlestown,2,0,4,2,5,4,0,2,5,5,5,0,1
359,72,Male,New Amyville,4,0,1,5,4,4,5,0,1,3,3,3,2
360,59,Female,West Josephport,0,3,2,0,5,4,5,4,0,0,4,0,2
361,57,Female,Elliottland,2,0,5,3,4,1,0,3,1,5,1,0,2
362,52,Female,South Andreabury,4,5,3,3,4,4,4,5,2,3,4,2,2
363,64,Female,East Michael,5,1,2,1,5,0,0,4,2,4,2,2,-1
364,63,Male,Ianborough,2,2,4,3,1,5,0,3,1,1,3,0,0
365,62,Male,Freemanside,4,0,3,2,5,2,3,4,2,5,0,3,-1
366,76,Female,Barrmouth,4,3,1,3,0,2,5,3,2,2,1,2,2
367,22,Male,Susanstad,1,4,2,2,4,2,5,3,4,5,4,0,-1
368,75,Male,Millsport,1,4,4,5,2,5,4,2,2,2,2,0,0
369,34,Male,Hallchester,1,3,1,3,4,3,0,5,3,4,3,4,2
370,32,Female,South Angie,5,0,0,0,1,2,2,5,0,1,0,5,2
371,77,Female,Hodgeshaven,0,1,2,5,5,1,5,0,4,4,0,1,-1
372,58,Female,North Zacharystad,0,0,1,2,5,5,4,4,2,4,2,2,0
373,38,Male,Lake Tiffany,0,4,4,4,4,1,3,5,2,4,5,0,-1
374,70,Female,Natashaberg,5,2,4,3,2,4,4,2,3,4,1,2,0
375,40,Female,North Isaiahfurt,3,0,3,4,1,3,1,3,4,5,1,4,1
376,61,Female,North Stephaniemouth,3,2,1,3,1,2,4,5,3,0,0,5,0
377,42,Male,North Jeremyberg,0,2,4,1,5,1,3,0,5,4,5,0,0
378,25,Male,East Olivia,0,0,2,2,4,3,0,3,2,5,3,3,2
379,66,Male,New Johnport,4,1,1,5,2,5,1,1,3,1,1,0,-1
380,55,Male,South Nicole,0,2,5,0,4,4,5,4,4,1,4,0,-1
381,62,Female,North Jamesfurt,4,1,1,3,3,2,5,0,5,1,4,4,0
382,33,Male,East Stephanie,1,4,1,2,1,4,4,5,3,5,0,0,-1
383,40,Female,East Susanside,0,2,5,1,3,3,1,2,1,0,1,0,1
384,62,Male,Alexanderton,2,5,1,0,2,5,1,2,3,3,5,3,0
385,24,Female,New Stephaniemouth,0,3,0,4,3,1,3,3,0,5,4,0,2
386,67,Female,Lake Dustin,0,1,4,2,2,4,0,0,4,5,5,0,-1
387,65,Male,North Joshua,2,1,4,0,0,5,1,3,3,1,2,4,1
388,64,Male,Stevenmouth,5,4,0,4,4,5,3,5,1,4,4,5,1
389,58,Male,Marybury,2,5,4,3,1,5,1,1,5,1,4,3,2
390,74,Female,Port Kathleen,0,4,0,4,5,2,1,4,5,0,1,0,2
391,54,Female,Port Joseborough,4,5,2,3,2,5,4,3,3,5,0,5,1
392,29,Female,Lake James,3,4,5,2,3,2,0,0,5,2,3,3,1
393,70,Male,South Davidhaven,0,4,3,1,4,2,1,2,0,1,2,5,-1
394,65,Female,Rachelburgh,5,3,3,2,2,1,5,4,2,2,4,0,-1
395,30,Male,Phillipsland,3,0,0,0,4,0,5,3,5,3,0,0,0
396,46,Male,Blanchardchester,2,4,5,4,3,1,0,1,4,2,5,4,2
397,19,Male,Hannahport,3,5,3,1,5,0,0,4,2,1,4,3,-1
398,21,Female,New Kimberlymouth,2,3,3,2,0,0,1,1,4,2,5,0,-1
399,36,Male,Ramosport,0,5,1,2,3,2,2,2,4,0,3,2,0
400,71,Female,North Joseton,3,4,4,5,3,5,0,5,3,4,4,5,1
401,66,Female,West Stephenport,2,4,5,3,5,5,4,5,5,2,4,2,1
402,43,Female,Alexanderview,0,4,0,1,3,3,1,1,1,3,3,2,0
403,69,Male,Lake Annatown,5,4,2,2,1,3,4,4,4,3,1,3,1
404,61,Male,West Whitney,2,0,2,2,5,5,2,3,4,2,1,5,-1
405,63,Male,North Katherinefort,2,2,2,0,4,3,4,2,5,1,5,5,-1
406,60,Male,Danieltown,2,4,1,5,3,5,1,4,3,2,1,3,0
407,75,Female,Mcfarlandport,2,0,4,1,2,4,5,5,3,3,3,4,0
408,49,Male,Kirkmouth,0,3,0,4,0,2,1,1,1,1,5,2,-1
409,72,Female,Timothybury,1,3,1,5,0,4,1,5,3,3,5,5,1
410,42,Female,West Ashleechester,0,1,4,4,2,2,3,0,4,4,0,3,0
411,48,Female,Hickmanchester,2,4,5,3,4,2,3,3,3,2,1,4,1
412,56,Male,North Katelynside,5,2,3,2,5,2,4,4,4,5,1,2,0
413,46,Female,Byrdfurt,5,0,0,5,0,4,1,4,4,0,4,4,2
414,73,Female,Port Joshuashire,0,4,3,3,0,4,0,4,4,4,3,5,0
415,48,Male,Thomasfort,4,4,2,5,4,0,3,4,4,4,5,0,1
416,74,Male,Donnaview,2,0,4,1,1,0,3,1,3,0,4,0,0
417,64,Female,Port Anthonyshire,0,5,1,2,4,0,5,0,5,4,2,5,1
418,77,Male,Port Jose,3,2,0,5,3,4,5,4,5,3,2,2,1
419,51,Female,Jeffreyfurt,1,1,1,1,2,1,5,2,5,4,5,2,2
420,42,Female,West Patrickton,0,4,3,1,0,1,3,1,2,4,5,4,0
421,50,Male,Hardinview,4,4,4,0,2,5,1,4,1,3,2,3,-1
422,37,Female,Yeseniastad,4,4,5,3,5,3,0,3,4,1,2,2,-1
423,27,Male,North Charleshaven,5,0,4,4,4,1,3,1,1,2,5,5,-1
424,53,Female,South Laurenchester,5,5,2,1,5,0,1,1,3,1,0,2,2
425,58,Female,Richardsonland,5,0,2,5,4,2,5,0,5,3,4,5,-1
426,30,Female,Robinsonbury,3,3,4,2,1,5,2,4,3,3,1,2,2
427,49,Male,Gonzalesmouth,0,1,1,2,5,2,4,5,2,0,4,3,0
428,67,Female,West Dustin,4,2,0,5,3,1,1,4,3,1,1,3,0
429,59,Male,Lake Christina,5,1,0,2,5,4,2,4,4,4,1,4,1
430,26,Male,Katherineland,1,2,0,4,0,3,1,3,3,1,4,5,1
431,43,Male,Andresside,4,1,4,4,4,3,5,5,4,2,4,0,0
432,76,Female,Evansstad,5,3,5,1,1,4,5,0,3,5,1,3,0
433,39,Male,Nicoleville,5,1,1,2,4,3,2,0,2,2,5,0,-1
434,37,Female,North Melvinmouth,1,0,1,4,4,2,2,0,4,3,4,0,2
435,28,Male,Alexanderfort,0,2,5,0,4,5,1,2,2,1,4,0,0
436,45,Male,Rileyhaven,1,0,2,1,2,5,5,4,3,2,4,1,2
437,78,Male,North Katieville,2,0,4,3,2,0,2,1,2,3,0,0,2
438,74,Female,Lake Tara,0,4,4,5,4,5,4,2,1,2,5,1,2
439,80,Female,New Davidstad,5,2,1,5,5,0,3,2,3,2,3,4,-1
440,43,Male,New Justin,4,2,0,2,5,5,2,2,1,0,5,5,1
441,64,Female,West Michaelborough,4,1,5,5,5,3,5,0,0,5,3,3,2
442,29,Female,Port Edward,4,0,3,1,3,0,1,2,3,4,5,4,-1
443,50,Male,East Carrie,2,2,0,3,2,5,4,4,3,0,3,3,1
444,49,Female,New Richardport,3,5,5,0,1,3,3,2,4,4,1,0,0
445,50,Female,Jonesport,1,3,0,1,4,4,4,3,5,5,5,4,1
446,20,Male,Vegaport,2,5,0,4,3,4,2,2,3,3,5,0,1
447,30,Female,North Alicia,4,4,4,0,5,1,3,2,5,5,1,1,1
448,57,Male,Pattersonville,0,0,4,1,4,0,1,4,2,0,1,4,2
449,44,Male,Matthewfurt,5,5,0,2,3,1,1,5,0,5,4,3,1
450,37,Male,Jacobton,5,0,3,0,0,2,3,5,3,0,1,3,0
451,33,Female,Lake Carlstad,3,5,1,5,3,5,3,2,5,1,1,2,2
452,34,Female,Myersburgh,5,0,5,5,0,2,1,2,0,4,3,5,1
453,57,Female,Raymouth,4,0,0,4,1,3,2,5,1,0,2,2,-1
454,60,Male,New Jorgeburgh,5,0,1,1,4,0,1,0,5,4,5,4,-1
455,51,Male,Garrettside,5,4,1,1,0,4,0,0,5,0,0,0,2
456,65,Female,West Heather,3,5,3,0,3,5,0,5,1,5,4,0,-1
457,43,Male,West Mistybury,2,4,0,4,0,5,5,4,2,0,0,1,1
458,34,Male,Lake Katherine,3,0,1,3,2,5,1,1,5,3,1,2,-1
459,21,Female,Port Robertview,1,2,2,0,2,2,4,5,0,4,2,0,2
460,68,Female,Michaelland,5,1,3,2,1,4,3,0,3,1,2,4,-1
461,46,Female,Ernestport,4,2,4,2,2,3,4,1,0,1,1,5,1
462,59,Male,Lake Amyton,4,2,4,0,5,3,1,3,0,3,4,3,-1
463,77,Male,North Isabella,0,3,0,4,1,2,3,1,1,5,3,5,2
464,27,Female,Saratown,4,0,5,3,4,3,0,4,1,1,1,3,-1
465,34,Male,New Matthew,5,2,1,5,0,5,5,0,1,5,5,3,1
466,35,Male,Billyfurt,2,5,1,1,5,0,0,5,0,3,3,2,2
467,30,Female,New Joshuatown,5,1,2,5,0,5,1,2,3,2,1,4,-1
468,67,Female,East Micheal,4,0,0,1,3,5,1,4,3,0,3,0,1
469,48,Female,Kevinberg,1,5,4,4,5,0,2,3,5,1,5,5,-1
470,77,Male,North Barbaraborough,1,3,3,0,0,1,3,3,1,5,0,2,1
471,45,Male,Diazborough,3,2,4,2,4,1,0,0,0,4,3,2,-1
472,35,Male,West Cynthiaborough,1,3,0,2,1,0,5,4,0,1,5,4,1
473,22,Male,Autumnport,0,4,3,2,4,1,1,4,3,4,2,4,-1
474,28,Female,Gloriamouth,2,2,5,0,4,0,3,1,0,4,0,0,2
475,38,Female,East Sarahmouth,1,3,0,0,1,2,3,1,4,5,5,3,2
476,63,Male,New Steven,5,1,5,2,1,1,0,2,1,2,1,1,2
477,40,Male,South James,2,4,5,1,3,5,3,0,1,5,1,3,2
478,72,Female,Lake Anne,0,5,3,2,3,3,1,2,2,1,0,5,1
479,30,Female,Port Gabrielleville,3,4,0,1,1,1,3,2,5,3,2,2,1
480,33,Female,West Nataliefurt,4,0,2,3,2,2,1,0,3,3,3,2,0
481,69,Female,Brooksborough,0,4,4,2,5,4,3,1,5,4,5,1,2
482,54,Male,Rojashaven,5,5,5,5,2,0,4,1,3,5,0,2,-1
483,46,Female,West Andrewtown,2,2,5,4,4,0,1,1,4,4,3,2,2
484,46,Male,East Vincentstad,5,1,0,4,2,3,5,0,2,4,0,5,1
485,60,Female,South Brenda,4,3,5,5,4,5,0,3,0,3,1,4,0
486,62,Female,Stanleyborough,2,3,1,1,4,3,5,3,2,4,1,5,1
487,70,Female,New Megan,3,3,1,2,4,4,0,5,3,2,2,3,-1
488,18,Male,Hollyport,0,1,0,0,5,0,0,0,4,0,0,1,0
489,59,Female,Lake Kevin,1,0,2,5,2,2,5,1,3,3,5,4,1
490,42,Female,Rachelmouth,2,4,2,5,2,5,1,3,1,5,5,1,-1
491,76,Female,Lake Spencerburgh,4,4,2,2,4,2,1,1,0,0,0,0,1
492,36,Female,West Christopherport,1,5,4,4,3,3,1,2,0,3,4,0,-1
493,34,Female,Stevenland,5,3,5,4,3,5,0,1,1,5,5,0,0
494,40,Female,Amyberg,1,3,4,3,4,4,5,5,2,0,3,5,2
495,37,Female,Wrightstad,5,4,4,3,1,0,2,0,0,4,3,2,2
496,31,Female,North Austin,3,1,1,4,2,5,3,3,3,0,4,4,1
497,36,Female,East Carla,4,5,5,3,1,1,3,4,5,3,2,3,0
498,62,Female,Gloverstad,1,2,2,0,1,2,1,5,3,4,3,0,1
499,22,Male,Heatherburgh,2,3,5,3,1,0,2,2,5,2,0,5,-1
500,21,Female,Bakerhaven,0,4,4,1,1,5,5,3,5,1,2,5,-1
501,30,Female,Pittsland,4,5,2,1,5,2,3,1,1,5,1,3,0
502,47,Male,Christopherfurt,2,5,4,3,0,3,0,2,2,0,2,3,1
503,70,Male,Hawkinsside,3,3,5,0,3,3,2,0,0,3,0,0,0
504,63,Male,Andersonland,0,2,4,0,5,1,1,5,3,1,2,3,-1
505,65,Male,South Joshuabury,0,0,0,2,1,3,0,0,5,4,3,1,1
506,67,Male,North Courtney,2,2,0,4,0,5,0,2,1,0,5,0,0
507,42,Female,Fullermouth,4,1,1,3,4,4,4,3,4,3,4,4,-1
508,24,Female,North Michaelfurt,0,3,0,2,2,2,1,2,4,3,2,5,2
509,70,Female,Guerreroton,3,2,1,5,4,5,0,1,0,5,1,4,1
510,53,Female,New Michael,4,4,2,5,5,3,3,4,1,0,3,5,1
511,43,Female,Johnsontown,0,4,2,5,5,4,1,3,4,2,3,4,2
512,43,Male,Craigfort,0,5,4,1,2,3,1,0,4,3,5,3,-1
513,38,Female,Jacquelinemouth,2,0,1,3,3,3,4,0,3,1,4,2,-1
514,51,Female,Hunterchester,5,3,0,3,0,3,3,4,4,0,2,2,0
515,46,Female,Davisfurt,5,0,2,0,3,1,5,0,1,1,5,5,-1
516,71,Female,Rasmussenville,1,1,2,2,5,3,3,4,4,2,4,2,0
517,57,Female,Davidland,2,0,0,4,4,2,1,4,4,1,2,3,2
518,75,Female,Harrisstad,0,1,3,0,5,5,1,5,2,0,1,4,0
519,74,Female,Elizabethshire,5,5,2,0,0,2,4,5,4,4,2,0,0
520,28,Male,Port Patricia,5,0,5,0,5,1,3,0,3,3,4,3,1
521,62,Male,Lake Robert,3,4,0,1,3,4,0,2,4,4,3,5,0
522,31,Female,Johnsonborough,3,5,0,2,1,4,3,5,4,2,2,3,1
523,63,Female,Lake Michaeltown,1,3,0,2,3,4,4,2,3,5,3,3,0
524,58,Female,South Tammy,1,4,0,3,2,4,3,5,2,4,1,0,1
525,70,Male,Emilyshire,3,1,4,1,1,2,0,0,4,1,1,5,0
526,47,Male,Wheelerfort,3,5,4,4,2,0,3,5,2,2,2,2,2
527,29,Male,Wallmouth,0,4,5,4,1,2,1,3,5,4,1,1,0
528,68,Female,Reynoldston,2,2,4,4,3,4,0,4,4,0,2,5,-1
529,22,Female,Maddoxview,4,0,0,3,1,4,5,4,0,4,0,1,1
530,29,Female,Patrickburgh,5,4,3,2,4,0,5,0,4,3,0,5,0
531,19,Female,East Paul,2,2,5,5,4,4,0,1,0,5,5,4,0
532,46,Male,New Rebeccachester,5,1,2,2,2,0,3,3,2,4,1,3,-1
533,79,Female,East Sara,2,0,1,5,4,1,4,4,0,4,1,3,0
534,67,Female,Fischerville,1,4,0,5,2,1,4,0,3,5,1,3,2
535,32,Female,Masseyview,4,5,5,1,1,2,0,2,5,0,2,4,0
536,56,Male,West Eugene,0,2,3,4,2,5,4,5,4,0,1,3,1
537,19,Female,East Lori,0,4,2,1,1,5,5,3,0,1,4,2,0
538,36,Male,New Markfort,1,1,2,4,2,0,4,1,2,4,3,3,-1
539,57,Male,West Joshua,4,5,4,0,2,3,0,4,4,4,0,4,2
540,67,Male,Rodriguezstad,5,0,0,3,3,0,3,1,4,0,5,5,0
541,25,Female,East Lindaberg,5,5,1,4,0,0,4,2,0,4,3,3,2
542,71,Female,North Annashire,4,2,3,1,3,2,0,5,4,0,2,0,-1
543,51,Female,West William,5,4,2,0,3,4,5,5,5,5,2,0,0
544,26,Male,Lake Janice,1,4,4,3,2,5,4,5,4,3,0,2,0
545,20,Male,South Erin,3,4,5,0,3,3,0,2,0,3,0,3,1
546,27,Female,Michealfort,5,5,1,3,5,0,4,3,2,2,2,1,1
547,29,Male,North Dianaview,4,0,4,5,1,3,1,1,2,1,1,1,-1
548,75,Male,North Josephhaven,1,2,4,1,3,2,3,1,5,3,1,2,1
549,38,Male,Dannymouth,1,2,2,5,1,3,5,2,1,3,2,0,-1
550,72,Female,Jamesland,5,5,2,4,2,0,4,4,3,3,5,3,1
551,68,Female,Brooksville,2,1,4,1,3,2,5,3,0,5,2,2,-1
552,77,Female,East Danielle,4,3,3,4,3,2,5,3,5,1,1,5,-1
553,25,Male,Katieport,0,0,2,1,0,5,1,4,5,2,1,5,0
554,36,Male,East Edward,0,2,5,2,3,2,3,2,0,3,2,5,2
555,27,Male,New Mary,3,2,1,4,5,2,5,3,3,1,1,1,0
556,19,Female,East Matthewfurt,3,2,0,1,5,4,0,4,2,1,3,5,2
557,22,Male,North Johnchester,1,3,0,1,2,1,1,3,2,4,1,4,2
558,26,Male,Turnermouth,1,4,3,5,5,0,1,1,5,3,4,2,-1
559,61,Female,Cobbport,5,5,3,1,0,5,5,0,5,3,2,4,-1
560,28,Male,North Chadfort,0,0,1,0,5,2,5,5,1,5,1,0,2
561,25,Male,Chelseafort,2,1,1,3,0,3,5,1,5,3,0,5,0
562,18,Female,Miguelburgh,5,1,4,4,2,2,0,2,4,5,0,2,2
563,79,Male,Lake Erin,3,4,2,0,3,1,2,3,0,4,0,3,2
564,76,Male,Jeffreyland,2,1,3,3,3,1,5,2,1,1,1,4,1
565,66,Female,Port Karenshire,0,4,4,3,1,0,4,2,1,1,2,0,-1
566,57,Female,East Timfort,1,1,4,1,1,2,4,0,3,0,2,1,2
567,26,Female,Youngview,5,5,1,0,5,5,0,0,1,2,3,4,0
568,39,Male,Larrychester,3,4,1,1,4,1,2,1,5,5,3,0,0
569,27,Female,Mcgeeberg,3,2,0,5,3,0,0,3,3,2,3,5,2
570,31,Male,Catherinemouth,2,4,5,1,1,3,1,3,3,1,5,0,-1
571,67,Male,Leeburgh,2,1,4,5,0,5,3,0,2,5,3,1,-1
572,55,Male,South Seth,5,2,1,0,0,5,5,3,3,1,2,5,2
573,76,Female,West Jefferytown,3,0,2,4,5,1,4,5,3,1,5,5,1
574,61,Male,Timothyburgh,4,1,5,3,4,0,4,0,5,1,3,1,0
575,57,Female,Port Andreafort,3,1,0,0,4,1,1,5,5,3,3,1,0
576,23,Male,Lindabury,0,0,5,0,3,4,5,2,5,5,2,4,-1
577,48,Female,East Ryanstad,1,1,1,0,5,1,1,3,3,3,2,4,2
578,55,Female,Port Julieland,3,5,5,2,5,3,2,2,2,5,2,3,2
579,61,Male,Villarrealtown,1,3,1,4,1,2,4,4,2,2,4,3,-1
580,40,Female,West Victoria,5,4,2,4,3,1,4,3,3,2,0,1,1
581,32,Male,West Jameschester,3,3,5,2,0,5,0,0,5,0,3,5,1
582,34,Female,Justinmouth,5,4,0,5,2,1,5,0,2,4,3,4,0
583,19,Male,Carolinebury,1,4,5,3,1,4,0,3,2,5,3,3,1
584,50,Female,East Jessicaborough,2,0,4,5,4,0,2,5,3,2,5,1,-1
585,24,Male,South Mary,5,2,5,3,4,3,3,4,4,2,0,5,2
586,68,Female,Edwinchester,5,3,5,4,0,4,4,1,0,5,1,4,1
587,72,Female,Port Morganburgh,1,4,5,2,5,0,3,3,3,0,3,2,0
588,65,Female,Edwardston,4,0,0,4,2,3,4,3,2,0,5,0,2
589,47,Male,East Eric,3,1,0,0,4,5,2,5,2,3,2,1,0
590,56,Male,Matthewport,3,2,1,0,0,0,0,5,4,5,3,3,-1
591,19,Male,Kirkside,5,0,1,3,2,2,5,3,4,4,4,2,-1
592,27,Male,Port Carrieview,3,1,0,5,1,4,2,3,4,4,1,0,-1
593,43,Male,Longville,2,0,2,0,3,5,4,4,2,5,3,0,0
594,47,Female,Montoyachester,2,1,1,4,2,4,0,1,0,4,1,1,2
595,77,Female,Katherinebury,4,1,3,5,2,5,3,0,5,1,4,1,2
596,73,Male,East Brittany,0,4,2,1,2,5,0,0,4,4,0,2,2
597,30,Female,Karenburgh,4,4,0,2,2,3,3,5,3,3,5,0,1
598,51,Male,West Matthew,2,5,0,3,5,1,2,2,0,0,0,0,2
599,26,Female,Ellismouth,0,0,0,4,2,3,0,2,5,0,0,2,1
600,21,Female,Shawnmouth,1,0,4,2,3,1,2,3,0,2,0,4,0
601,39,Male,South Daniel,4,3,5,5,2,5,4,2,3,3,4,5,0
602,79,Male,Michelleville,1,1,0,5,1,1,1,4,0,2,0,5,0
603,36,Female,Michaelport,4,4,2,5,1,5,3,4,2,5,5,5,2
604,47,Female,Reynoldsland,3,5,1,2,3,1,4,5,0,0,1,1,1
605,31,Male,Port Daniel,2,4,0,5,0,3,0,3,2,5,2,1,0
606,29,Male,West Lisa,3,0,4,0,3,5,4,3,0,4,3,2,0
607,76,Female,Deleonchester,5,4,5,4,1,5,5,2,3,0,0,0,1
608,76,Female,North Robertfort,0,1,5,5,5,0,1,5,4,4,0,5,-1
609,25,Male,Andrewsstad,2,4,2,1,5,3,5,1,3,2,2,2,2
610,35,Female,Justinfurt,5,4,0,2,3,4,1,2,4,1,0,1,2
611,33,Male,Carmenborough,1,5,4,3,3,3,2,0,3,1,4,4,-1
612,57,Female,North Crystal,0,0,2,1,0,0,0,3,4,5,3,2,0
613,40,Female,North Ashleyside,5,4,2,3,1,0,0,4,5,4,0,2,0
614,41,Female,North Patricia,1,4,2,0,1,1,4,3,4,2,2,0,2
615,66,Male,New Brittneyburgh,5,2,0,2,2,3,4,1,0,5,3,2,0
616,35,Female,New Lisa,2,1,5,1,5,0,4,2,1,4,3,2,-1
617,64,Female,East Leah,5,0,0,5,0,1,4,0,1,1,3,3,2
618,42,Female,West Eugenefurt,4,4,2,3,4,1,3,5,1,4,3,1,0
619,74,Female,West Jasminefurt,1,3,2,0,4,2,1,0,5,4,0,1,-1
620,40,Male,South Brandonton,5,1,2,1,2,2,4,2,1,0,2,0,-1
621,73,Male,East Michaelfort,1,4,3,4,4,5,0,5,2,5,4,3,-1
622,77,Male,Lake Wesley,0,3,3,2,2,5,5,0,3,0,1,1,1
623,71,Male,Chavezhaven,4,5,1,0,0,1,0,3,1,3,0,1,0
624,55,Male,South Barbara,2,0,2,0,3,5,1,1,3,0,4,0,1
625,53,Male,South Williamfurt,1,0,4,4,5,3,4,1,5,3,3,4,0
626,59,Male,Adamhaven,3,2,1,3,5,1,4,4,2,5,5,3,1
627,57,Male,Lake Casey,4,1,4,2,4,4,4,4,0,2,2,2,0
628,18,Female,East Charlesside,3,3,5,2,3,5,4,1,0,3,0,4,-1
629,29,Male,New Dylanport,5,2,2,1,0,4,4,0,5,0,0,1,0
630,32,Female,Stephanieborough,3,1,1,5,3,1,5,3,2,4,2,1,-1
631,45,Female,South William,2,5,4,4,0,1,0,5,5,1,4,0,1
632,19,Female,West Amanda,1,2,0,5,3,0,5,2,4,3,3,5,-1
633,38,Female,East Tylerville,5,1,0,4,4,4,3,4,4,5,0,5,-1
634,23,Female,Mortonstad,1,4,3,0,3,4,3,1,3,0,0,2,-1
635,48,Male,South Sarahland,1,0,4,0,5,2,3,1,3,1,1,5,1
636,71,Male,North Annafort,5,0,3,3,1,2,5,3,2,5,2,0,-1
637,59,Female,South Rebeccaton,2,3,2,4,0,4,5,1,1,0,3,3,2
638,66,Male,Jonesport,2,5,2,1,0,5,2,2,1,3,3,4,1
639,63,Male,New Jaredmouth,5,2,5,1,4,2,4,2,5,0,4,0,0
640,39,Female,Murphychester,5,4,0,4,4,3,5,1,1,0,1,5,1
641,61,Male,New Georgeburgh,5,4,2,0,4,1,0,4,1,5,1,4,2
642,57,Female,East Deborahton,0,1,4,3,0,1,4,1,3,2,3,3,-1
643,43,Male,Robertsberg,3,3,3,4,3,2,5,0,0,2,3,3,2
644,70,Male,North Susanhaven,2,4,3,5,4,3,2,3,2,0,0,1,0
645,71,Male,Gregoryview,1,2,5,1,5,0,5,4,3,4,1,2,1
646,68,Female,Aguirreburgh,2,1,2,2,4,2,0,3,0,4,0,3,-1
647,76,Female,Anneton,3,3,0,3,5,3,3,0,2,5,3,1,-1
648,66,Male,Kimberg,5,1,0,3,2,4,4,2,2,2,4,5,0
649,71,Male,Toddshire,2,1,0,4,0,3,3,2,4,4,4,3,1
650,46,Female,Gonzalezbury,5,4,0,3,3,4,3,2,4,2,2,2,0
651,31,Male,Harrisfurt,2,2,1,4,1,3,2,5,3,3,4,1,-1
652,30,Male,New Andrewton,3,4,0,4,4,1,5,3,4,4,2,0,-1
653,30,Female,North Katherinechester,2,5,2,0,5,4,2,5,5,2,4,4,1
654,80,Female,Port Joshua,4,4,4,4,3,1,3,2,0,0,3,3,-1
655,78,Male,Clayberg,0,4,4,2,0,4,5,3,3,2,2,5,1
656,80,Female,Thomasmouth,1,0,5,1,3,4,3,1,2,5,4,3,-1
657,59,Female,New Joshua,5,4,2,3,2,4,1,4,4,3,5,3,1
658,38,Female,Wileyville,1,4,2,1,3,4,5,3,4,1,3,4,1
659,31,Male,East Maria,2,1,2,0,5,5,1,4,0,5,3,1,-1
660,71,Female,Clarkfurt,2,1,5,1,4,1,4,5,3,0,3,2,2
661,76,Female,Christinahaven,2,3,0,1,3,2,4,2,5,2,3,3,0
662,58,Male,Sandersstad,2,1,4,2,0,1,3,1,2,2,1,2,0
663,74,Female,South Reneestad,2,1,3,4,5,0,0,1,3,1,3,4,0
664,49,Male,North Cynthiaberg,4,0,1,1,5,1,1,5,1,2,2,3,-1
665,25,Male,Burkechester,4,5,4,5,4,3,5,0,0,3,0,4,2
666,55,Female,Leebury,1,4,3,1,2,5,3,2,4,3,2,2,2
667,80,Male,Barronview,0,4,5,1,2,4,5,2,4,1,4,5,-1
668,60,Female,Matthewmouth,5,3,1,2,4,4,0,1,0,1,3,5,-1
669,37,Female,Johnsonberg,2,5,1,3,4,4,1,0,5,3,4,5,-1
670,43,Female,East Sheilachester,3,5,3,1,0,5,4,1,5,1,4,2,-1
671,20,Male,Bondchester,4,4,0,2,4,4,4,5,4,1,2,0,-1
672,35,Male,Hernandezfurt,2,1,4,3,0,1,2,2,1,5,0,0,2
673,28,Female,East Marioburgh,3,0,0,2,1,4,3,0,4,2,3,4,-1
674,29,Female,Shawfurt,4,2,5,1,2,5,4,3,5,5,2,4,-1
675,72,Female,Aliciaside,4,4,4,1,5,5,0,3,0,5,5,4,2
676,76,Male,Stacychester,0,4,2,5,3,4,2,1,1,4,1,5,0
677,49,Female,Karenview,1,2,3,3,5,5,5,3,2,5,0,0,0
678,61,Female,West Charlesfort,5,4,4,0,1,0,3,4,0,0,1,5,-1
679,44,Male,Port Ryanfurt,3,1,2,1,1,5,2,3,0,0,3,1,2
680,30,Female,Jamesmouth,3,4,1,2,2,5,5,0,3,2,1,0,-1
681,37,Male,Marybury,4,5,0,3,1,3,5,4,1,1,4,1,2
682,71,Female,Sanchezville,2,3,3,2,5,0,5,1,0,2,0,1,-1
683,18,Male,Dakotaborough,4,5,0,0,3,2,1,2,0,0,1,3,-1
684,43,Male,Vincentstad,4,0,1,2,0,4,3,1,3,2,4,2,0
685,45,Female,Martinfurt,2,2,0,4,2,5,0,4,5,2,0,4,1
686,36,Female,Lake Matthewburgh,3,3,4,2,4,4,2,3,2,2,3,5,2
687,37,Female,North Donaldbury,1,4,3,2,2,4,1,3,0,0,1,2,2
688,36,Male,Jeffreyfurt,4,4,1,0,3,1,3,0,3,3,5,4,2
689,69,Male,New Suzanne,1,0,4,1,4,1,3,2,4,5,2,3,0
690,46,Male,Port Rosefort,2,3,3,4,4,4,1,3,0,0,4,1,-1
691,46,Male,Nicholasfort,3,0,2,5,3,2,0,4,3,1,2,2,1
692,19,Female,Whiteland,3,1,4,0,2,3,5,4,4,5,5,3,0
693,74,Male,Jamesfort,4,1,2,0,5,2,5,1,4,0,2,4,0
694,74,Male,Port Benjamin,1,0,2,2,1,2,5,3,1,3,3,1,-1
695,78,Male,Churchville,2,5,2,4,2,2,4,0,0,0,2,0,2
696,80,Female,Hollandfort,4,2,4,3,5,2,4,0,1,3,1,3,1
697,18,Male,South Elizabeth,5,5,1,2,3,5,0,3,2,5,3,3,1
698,71,Female,Websterchester,3,0,3,0,3,2,5,0,0,3,0,2,1
699,37,Female,South Tammy,5,0,4,5,2,3,0,1,4,0,5,3,2
700,26,Female,South Hollyberg,0,5,3,3,4,3,3,2,4,2,0,1,0
701,62,Male,Thompsonmouth,1,2,4,3,4,3,5,5,3,4,2,2,1
702,47,Male,Tonybury,0,4,1,2,4,5,1,4,2,3,1,2,2
703,69,Male,New Nicole,3,3,4,3,1,4,4,4,4,3,3,2,-1
704,24,Female,Atkinsstad,2,0,3,1,4,2,1,0,0,1,4,3,2
705,59,Male,Port Brendaberg,5,3,3,3,5,1,1,2,4,0,4,4,1
706,65,Female,Lake Ryanfurt,0,1,4,2,4,1,3,5,3,5,2,2,0
707,23,Female,East Bethfurt,2,5,3,1,3,0,0,0,5,4,1,3,-1
708,62,Male,Stephenbury,0,0,1,5,3,2,1,3,0,1,4,4,1
709,51,Female,Ericborough,2,4,3,5,5,2,5,2,2,4,4,0,2
710,70,Female,Aaronbury,5,4,3,5,2,2,4,4,2,2,2,3,0
711,58,Male,Matthewfurt,3,4,2,4,1,0,5,5,2,4,4,3,2
712,18,Female,Port Tiffanymouth,0,1,5,4,4,0,4,0,0,1,0,4,-1
713,20,Male,Jenniferchester,1,0,0,4,1,2,3,2,1,1,4,2,0
714,35,Male,East Williamfurt,4,4,1,1,2,0,3,4,5,3,0,4,2
715,48,Male,Lake Kevinburgh,1,0,1,3,2,1,5,0,4,4,3,0,-1
716,42,Female,New Isaiah,3,5,1,3,5,4,0,3,0,2,5,2,0
717,72,Male,New Adam,1,3,4,0,1,4,4,4,4,0,0,3,2
718,53,Male,Castilloburgh,3,4,0,1,5,3,5,3,4,3,0,3,1
719,52,Female,Weberbury,3,5,5,0,1,3,2,5,0,4,2,4,1
720,71,Male,Hodgesborough,4,4,2,1,1,5,3,3,3,2,3,5,1
721,21,Male,Leeview,0,5,3,1,2,2,3,0,1,3,4,5,0
722,54,Female,Rosechester,0,2,1,0,5,0,0,0,4,1,4,1,2
723,40,Male,New Jim,5,3,2,1,0,2,5,1,4,5,4,3,1
724,66,Female,Tylerbury,1,5,3,1,5,1,3,3,0,0,4,5,0
725,43,Female,South Brandonshire,3,0,5,2,4,5,3,2,1,5,1,3,2
726,68,Female,South Katiehaven,0,4,1,5,4,3,3,3,5,0,5,4,1
727,78,Female,Hamiltonmouth,0,5,0,2,5,0,4,1,2,1,1,5,-1
728,35,Male,Lake Candiceburgh,1,1,3,5,3,3,0,3,4,2,2,3,-1
729,55,Male,South Kimberly,3,1,0,5,3,5,4,4,3,3,2,2,2
730,44,Female,West Thomas,1,0,3,5,4,4,4,0,1,0,0,2,2
731,23,Female,Jonesfurt,4,5,3,3,1,0,0,2,5,5,2,3,-1
732,27,Female,New Lisaville,4,5,4,5,4,4,3,0,1,4,1,0,1
733,52,Male,Spencerborough,3,0,4,5,2,5,2,1,0,2,3,2,-1
734,75,Male,Pittsstad,5,1,5,1,2,4,5,1,1,1,1,3,-1
735,18,Male,Port Rebecca,2,4,2,1,3,2,3,5,0,2,4,2,0
736,63,Female,New Donna,3,4,1,1,2,4,2,4,4,2,5,3,-1
737,79,Female,Seanbury,5,3,0,3,0,3,0,0,2,1,2,5,2
738,58,Female,Adamstown,0,5,4,2,4,2,5,3,5,4,4,3,1
739,67,Female,North George,2,1,4,4,5,1,3,0,1,3,5,1,-1
740,72,Male,Romerohaven,3,5,0,3,3,1,4,2,4,5,0,4,-1
741,33,Male,South Laceyburgh,0,2,5,4,3,3,4,4,0,1,1,4,1
742,73,Male,Robinsonburgh,3,0,5,4,0,5,1,0,4,3,0,3,-1
743,68,Female,Danielview,1,5,4,4,1,0,0,1,0,0,4,4,0
744,21,Female,West Jessica,0,4,4,4,2,4,4,5,0,0,3,0,-1
745,42,Female,Jenkinsborough,0,3,2,0,0,5,4,2,1,2,0,0,0
746,74,Male,Michaelchester,1,2,3,1,5,1,1,1,1,5,0,5,0
747,19,Male,North David,1,3,2,4,5,3,1,2,2,4,1,0,2
748,60,Male,Port Katiemouth,4,3,1,3,4,5,2,4,2,1,2,0,0
749,52,Male,Simmonsmouth,3,5,1,4,3,1,1,1,5,5,4,4,1
750,55,Male,Josephview,1,4,2,3,5,3,0,4,1,2,3,4,1
751,46,Male,Robertport,1,1,3,1,3,3,0,3,1,3,3,5,1
752,27,Female,Wilsontown,0,1,3,4,2,0,5,1,0,2,5,5,1
753,43,Male,Michaelville,4,1,3,2,2,1,4,5,4,3,3,2,1
754,79,Male,Port Pamelahaven,2,3,4,5,1,1,1,3,0,2,2,4,0
755,78,Female,New Davidhaven,0,0,5,1,0,2,0,1,3,1,2,4,-1
756,53,Male,Mcclainshire,2,0,0,3,0,0,3,2,3,2,2,4,1
757,64,Male,Ashleyville,1,3,1,3,1,3,4,4,1,4,4,2,-1
758,29,Male,Port Benjamin,4,4,4,4,0,1,4,5,0,3,0,4,0
759,31,Male,Dawnchester,4,2,5,1,0,1,1,2,2,4,3,5,-1
760,20,Female,Robinsonbury,3,3,3,3,1,4,3,5,2,4,4,2,-1
761,76,Female,Port Kathleen,0,0,3,4,3,4,2,2,3,3,3,3,1
762,75,Female,Mathewborough,3,2,5,5,2,0,4,0,4,0,2,0,0
763,58,Female,New Faith,3,0,2,1,5,1,5,5,4,2,2,0,1
764,44,Female,West Heatherberg,1,0,5,0,0,5,3,1,0,5,2,1,-1
765,41,Female,New Joannville,0,5,1,0,0,5,1,1,1,1,2,1,1
766,40,Female,Susanstad,3,4,0,2,5,4,0,5,2,5,0,5,2
767,31,Female,South Kelseyhaven,4,1,5,4,5,3,0,0,2,0,0,1,1
768,64,Female,Lake Adam,3,4,4,1,0,2,1,0,0,2,3,4,2
769,51,Female,West Normafurt,1,1,0,0,4,1,3,0,0,5,4,0,0
770,62,Male,Brianfurt,1,0,0,4,4,5,1,2,3,4,0,5,1
771,30,Female,West Elizabeth,0,5,4,5,5,3,1,1,4,0,1,2,-1
772,19,Female,North Thomasbury,3,3,5,2,4,2,1,5,2,4,1,4,1
773,31,Male,Kathyside,4,5,3,0,0,5,5,4,1,4,3,0,1
774,67,Male,Turnerstad,1,2,1,3,3,4,3,3,5,3,2,2,-1
775,20,Female,Barkerview,2,5,0,3,5,3,3,4,0,2,1,2,2
776,46,Male,Lake Michelle,3,0,5,1,4,2,4,0,0,3,3,0,1
777,41,Female,Ballhaven,4,1,4,4,0,4,4,0,1,0,4,5,-1
778,33,Male,Johnsonside,0,4,0,2,1,4,3,2,3,4,3,0,2
779,28,Male,North Billyport,2,0,1,5,3,2,4,3,1,5,1,5,0
780,46,Male,New Shannon,2,1,1,0,4,1,5,5,0,5,4,4,2
781,27,Male,Jessicaside,1,5,2,4,0,2,2,2,5,3,1,4,1
782,42,Male,South Brenda,0,4,4,3,1,0,4,5,3,4,4,3,1
783,46,Female,Aaronfort,0,4,1,1,0,1,3,2,0,0,3,3,2
784,54,Female,Knappfurt,4,3,3,4,1,0,5,2,3,2,4,4,2
785,21,Female,Bethanyshire,2,2,4,2,2,5,1,3,4,5,3,1,1
786,55,Male,Port Leslieland,1,1,0,2,2,3,3,4,4,5,1,2,0
787,57,Male,Port Alejandroside,3,5,3,0,2,2,5,4,5,3,5,3,-1
788,80,Female,Samanthafurt,0,1,5,1,0,3,4,1,0,5,0,5,0
789,41,Female,New Ericastad,0,2,2,0,4,2,1,5,1,0,1,5,0
790,47,Male,Yvonnestad,3,0,0,2,0,3,2,3,1,5,1,1,2
791,57,Female,Thomasview,5,5,0,1,4,4,1,3,2,5,2,1,-1
792,58,Female,Wyattport,1,3,2,3,3,5,2,3,5,3,2,5,0
793,18,Female,Lake Charles,0,5,1,1,5,4,4,4,2,4,4,5,0
794,55,Female,Walkertown,4,0,1,3,5,2,0,2,0,4,3,3,-1
795,60,Female,East Kendramouth,2,4,5,1,4,2,4,3,3,1,3,2,1
796,71,Female,Gillview,3,0,4,4,0,2,1,4,4,4,0,4,0
797,47,Male,Tiffanymouth,5,5,5,3,2,0,5,0,1,4,1,2,1
798,38,Female,West Wendy,3,2,3,2,2,2,1,4,2,2,1,5,1
799,65,Male,Raychester,2,3,4,1,4,2,3,0,5,2,1,4,2
800,78,Male,Taylormouth,2,2,1,3,5,3,4,1,4,1,1,0,2
801,71,Female,New Emma,4,3,1,5,1,4,5,0,5,3,1,5,-1
802,38,Male,Rachelmouth,0,3,1,2,5,2,3,5,2,4,0,2,0
803,74,Male,Anthonychester,1,2,4,3,4,0,1,1,5,5,3,4,1
804,25,Male,South Stacy,1,2,5,0,1,5,1,5,3,5,2,0,2
805,77,Male,Landryport,5,4,4,1,0,5,0,5,3,3,4,3,2
806,73,Male,Martinezland,5,1,5,3,2,3,5,2,1,0,1,2,2
807,73,Male,Sanchezshire,5,2,0,3,2,3,5,2,5,3,3,1,2
808,44,Female,Davisburgh,2,2,2,1,0,3,4,3,2,3,2,0,1
809,37,Male,New Brenda,0,4,4,3,5,1,0,0,3,5,0,4,0
810,74,Male,New Anthony,0,0,3,5,1,5,5,2,3,3,2,5,2
811,55,Male,Meredithburgh,2,5,4,5,2,1,4,1,5,1,2,3,1
812,71,Female,West Danielletown,0,0,1,2,2,4,2,3,4,0,1,1,2
813,44,Male,Martinview,4,2,3,1,3,5,2,3,1,2,3,4,-1
814,61,Female,Jennifershire,2,4,5,0,3,0,5,4,1,2,3,1,0
815,70,Male,North Steven,0,1,1,0,0,0,3,3,3,0,4,0,2
816,36,Male,Huynhmouth,5,3,1,3,0,0,3,2,1,0,2,2,0
817,71,Male,North Teresa,1,5,1,4,4,3,1,3,2,2,4,0,0
818,55,Female,New Catherine,3,2,3,0,0,2,0,1,4,5,4,3,0
819,46,Male,Lake Valerieshire,0,3,3,3,3,1,3,5,3,5,4,1,2
820,64,Female,New Brendafurt,4,2,2,3,2,2,3,1,4,4,5,5,2
821,51,Male,East Mariafort,2,5,3,2,2,2,5,0,5,3,3,0,0
822,60,Female,Lake Tabitha,2,3,1,2,4,0,0,0,3,1,0,4,0
823,43,Female,Sharontown,0,5,1,2,3,2,0,4,0,3,3,5,0
824,59,Female,East Michelleside,3,4,3,1,2,0,1,4,0,0,3,4,1
825,26,Male,North Chadtown,3,3,0,3,0,1,4,5,1,4,5,1,1
826,24,Female,Deborahland,2,2,5,0,4,4,1,0,4,1,4,3,0
827,60,Male,Vaughnburgh,5,3,3,5,3,5,0,4,5,2,5,4,0
828,43,Female,East Billy,5,1,3,1,5,5,1,2,4,0,3,0,-1
829,77,Female,Ryanstad,2,2,1,0,5,4,1,2,1,2,5,2,2
830,54,Female,Lindsayville,2,4,5,1,4,3,3,2,5,4,4,0,1
831,37,Male,Port Catherine,2,3,0,2,4,3,3,5,3,3,5,5,2
832,40,Male,North Brittanytown,2,4,5,2,1,5,5,5,3,1,5,1,0
833,57,Female,South Nancy,1,5,4,2,0,4,4,4,3,2,0,1,0
834,59,Female,Derrickland,5,4,3,1,4,2,5,3,0,0,1,3,2
835,73,Female,East Theresa,1,5,3,4,3,4,5,1,3,2,0,3,-1
836,33,Male,Crawfordhaven,3,2,0,1,1,5,1,1,5,2,1,5,0
837,73,Male,Tammyshire,3,4,5,1,0,2,1,5,5,4,0,1,0
838,77,Female,West Diamondland,4,4,1,2,1,3,0,2,4,4,1,5,-1
839,37,Female,Gentrymouth,5,5,3,0,5,0,5,1,4,4,1,5,0
840,60,Male,North Alice,1,0,3,4,0,5,5,0,0,2,2,5,2
841,50,Female,South Brittanyborough,5,1,5,5,5,1,1,2,4,4,4,1,-1
842,35,Male,Port Jaclyn,2,3,2,1,5,0,3,0,3,1,5,0,2
843,39,Male,Lake Michelehaven,0,3,1,0,3,0,3,0,3,1,4,1,-1
844,43,Female,Floresfurt,1,1,4,0,4,3,0,1,0,0,4,2,1
845,29,Female,South Charles,1,2,2,1,0,3,3,4,4,5,1,0,1
846,48,Female,Brownhaven,4,1,0,3,0,5,3,4,5,1,5,1,1
847,78,Female,New Lynnton,1,2,2,2,5,1,3,3,4,2,5,0,2
848,71,Male,Juliamouth,4,2,2,3,0,0,1,3,1,4,5,2,1
849,54,Male,Port Melvinstad,0,0,2,1,3,4,1,4,5,4,2,0,1
850,41,Male,East Sean,2,1,5,1,3,4,0,0,4,0,4,5,2
851,39,Male,Emilyberg,5,4,3,1,3,1,5,2,5,5,4,1,-1
852,58,Female,South Melanie,1,0,1,2,4,4,3,1,0,1,4,2,2
853,20,Male,Riceside,4,4,0,0,2,2,0,5,0,4,0,5,1
854,19,Female,Santosberg,4,4,1,1,0,0,4,3,4,5,2,3,-1
855,25,Female,Lake Kathryn,1,5,1,2,3,0,3,5,5,3,0,0,1
856,21,Male,South Williamberg,1,4,1,1,2,5,0,0,3,3,5,4,-1
857,71,Female,Russellton,0,0,2,4,2,5,5,0,3,0,2,5,0
858,48,Male,South Laura,2,4,1,2,4,4,2,5,0,2,1,4,1
859,27,Female,Reneeberg,1,5,5,0,4,1,1,1,2,1,4,0,-1
860,43,Male,Simmonsfort,0,5,3,2,5,5,5,3,2,0,0,0,2
861,73,Male,Lake Larry,4,1,3,4,4,0,5,5,0,2,5,0,1
862,34,Female,North Lori,3,5,1,5,2,2,1,3,1,1,1,3,0
863,39,Male,Port Jennifer,3,5,4,4,2,0,2,2,0,4,3,5,0
864,20,Male,North Cameronshire,1,5,2,5,5,4,2,0,0,0,5,1,2
865,19,Female,Maryport,2,2,5,2,5,2,3,2,0,1,0,1,1
866,71,Male,Archerview,4,1,5,5,1,0,5,2,1,4,4,1,1
867,69,Female,New Nicoleborough,5,5,2,2,2,5,3,4,1,3,0,4,1
868,28,Male,Port Rebecca,1,2,2,1,5,2,2,3,5,3,1,4,2
869,73,Female,Nicolehaven,0,3,2,0,1,2,0,4,2,2,1,2,-1
870,58,Female,North Jacobborough,2,3,0,1,4,4,2,4,4,0,5,4,2
871,49,Female,Lindseyborough,3,5,3,3,2,5,4,2,0,0,4,1,0
872,19,Female,Lake Arthurmouth,2,3,5,4,2,2,0,5,4,5,0,5,2
873,39,Female,Matthewhaven,5,3,0,3,4,0,4,1,1,4,1,5,-1
874,28,Male,Deckerhaven,3,0,0,2,4,4,4,4,3,3,2,2,2
875,65,Male,Dwayneside,3,0,1,0,5,1,2,4,5,1,2,1,2
876,54,Male,Port Derekport,5,5,5,1,1,0,3,2,3,5,0,3,2
877,31,Male,Port Amy,0,4,0,0,4,3,2,1,1,0,4,5,0
878,80,Female,South Megan,2,2,5,2,0,1,5,0,3,3,2,1,-1
879,70,Female,Port Alexis,4,3,4,1,3,4,0,3,3,3,2,1,0
880,69,Male,New Warrenland,2,1,0,3,1,2,2,0,1,2,3,2,0
881,71,Male,East Amandaberg,5,4,2,2,1,5,2,1,4,0,0,1,0
882,20,Male,West Jeffburgh,1,5,2,1,4,1,5,4,2,0,3,2,2
883,62,Male,East Jeffreyside,0,5,0,1,2,0,0,2,1,2,1,0,2
884,45,Female,New Stephanie,3,3,5,5,0,2,3,0,1,5,0,1,1
885,30,Female,Orrtown,2,5,5,3,5,2,3,1,0,5,1,5,1
886,72,Female,New Jaimestad,1,1,0,5,0,2,0,4,5,3,0,5,0
887,41,Female,Port Rodneymouth,2,4,5,4,4,1,4,0,3,1,3,3,2
888,74,Male,Maryburgh,3,5,1,2,1,4,5,1,4,4,1,2,0
889,31,Male,Nolanmouth,3,4,1,1,1,4,1,0,5,5,3,0,-1
890,69,Female,Lake Tammy,5,2,5,3,5,5,1,1,3,1,5,2,-1
891,53,Female,Hernandezshire,1,1,2,5,3,1,0,0,0,2,2,2,0
892,30,Male,Richardhaven,5,5,5,1,1,4,4,4,5,0,4,4,0
893,55,Male,Port Joshua,2,3,1,5,4,5,2,2,1,0,5,5,2
894,54,Female,Port Jennifer,5,0,5,0,4,4,3,5,3,0,1,3,-1
895,26,Female,Garciafort,4,3,1,2,3,4,0,1,4,3,2,1,0
896,25,Male,Hallshire,1,2,5,3,1,5,4,4,1,3,4,2,1
897,27,Male,West Samantha,1,5,5,4,5,3,1,2,1,4,5,3,0
898,65,Female,North Mikestad,1,2,0,4,0,5,1,0,4,2,3,3,1
899,72,Male,New Amyport,0,3,4,2,0,2,1,5,1,2,3,4,0
900,31,Female,New Troy,1,1,1,0,2,0,1,4,3,4,1,4,1
901,59,Female,Joneston,0,0,1,3,3,5,0,4,5,2,4,1,1
902,24,Female,Whiteton,1,4,4,3,5,3,0,2,4,3,3,4,0
903,62,Male,Jacksonstad,5,0,5,3,3,2,5,4,4,3,5,3,1
904,19,Male,Port Edward,4,3,0,1,1,4,3,0,5,4,5,0,2
905,56,Male,Cartermouth,5,0,4,0,4,5,4,5,2,3,4,2,1
906,21,Male,South Ian,5,4,0,3,1,1,5,4,1,2,0,1,1
907,50,Female,New Jameston,0,5,1,3,5,2,5,5,3,4,5,3,-1
908,19,Male,Lake Jeffery,1,3,0,0,3,2,3,3,1,2,4,1,2
909,44,Female,Donovanstad,1,2,0,1,2,3,1,1,2,4,1,1,1
910,48,Male,Kimberlyshire,0,2,1,5,3,0,2,3,0,2,5,4,0
911,19,Male,Gutierrezfurt,1,2,0,1,2,0,1,0,2,2,1,4,1
912,43,Female,Morganmouth,1,5,5,5,4,2,4,5,3,4,5,4,1
913,28,Male,Reedbury,4,3,2,3,3,4,4,1,3,1,2,3,0
914,38,Female,Williamsview,0,5,3,3,1,5,3,5,4,0,2,3,1
915,39,Female,West Alexander,4,3,5,1,1,1,0,1,4,3,1,0,0
916,30,Female,Lisaton,5,5,3,3,0,1,1,4,4,3,5,4,0
917,21,Female,Bryantown,1,2,1,1,2,5,5,1,0,1,3,5,1
918,74,Male,North Rickytown,3,1,4,5,0,2,4,4,1,2,1,5,-1
919,49,Male,Patrickchester,3,3,3,4,1,5,0,5,3,2,0,0,1
920,55,Male,Lynchtown,3,5,5,5,3,5,3,3,3,0,4,3,1
921,37,Female,Grahamton,4,1,3,5,3,5,3,3,2,4,3,5,1
922,41,Female,Lake Ronniechester,0,4,5,0,4,2,5,1,3,2,0,3,1
923,34,Female,West Nichole,5,2,3,1,0,5,1,3,2,4,3,0,2
924,52,Female,Lake Micheleton,1,0,4,1,5,3,3,0,0,5,2,3,0
925,43,Female,South Jenniferberg,4,1,4,5,2,5,3,4,1,4,1,5,2
926,43,Female,Alexanderberg,5,2,4,3,3,3,4,0,2,3,3,3,0
927,80,Female,Mariastad,2,0,5,0,0,5,4,3,0,1,5,4,-1
928,31,Male,Elizabethbury,3,4,4,0,2,1,0,1,3,1,2,1,-1
929,70,Male,West Jennifer,4,2,2,5,3,0,1,1,1,2,1,3,1
930,79,Female,Jimenezburgh,1,2,2,2,3,4,0,4,4,3,0,4,1
931,78,Male,Port Samuelport,1,2,4,3,1,1,5,0,1,0,4,1,0
932,65,Female,Hendersonview,2,5,0,0,0,1,3,4,1,3,5,1,2
933,79,Female,Suzannefort,1,3,1,5,5,4,5,2,5,0,1,4,2
934,63,Female,East Williammouth,5,0,0,3,0,1,0,4,5,4,1,1,1
935,20,Male,East Jodyburgh,1,3,3,1,2,5,3,4,3,2,1,3,2
936,35,Female,West Gavin,5,1,5,0,5,1,4,0,2,2,5,4,1
937,21,Male,Anthonyland,0,3,5,3,0,1,0,3,2,2,5,3,0
938,40,Female,Lindsaychester,0,3,5,3,5,2,5,0,1,1,5,3,2
939,42,Male,Nicholasfort,0,3,1,2,2,1,2,5,1,3,0,3,0
940,32,Male,West Andrewville,3,3,3,0,3,3,5,3,4,3,2,5,-1
941,72,Female,South Jenna,4,3,0,3,4,0,3,3,3,4,5,4,-1
942,49,Female,Powersbury,2,0,3,5,4,3,0,3,1,3,2,3,-1
943,18,Male,South Jody,3,3,3,5,3,1,1,3,2,1,5,2,1
944,42,Male,East Michael,0,3,2,3,4,4,1,0,3,5,0,4,2
945,19,Male,Lake Suzanneville,5,2,2,1,2,0,0,2,2,2,2,5,2
946,73,Male,Lake Kellyville,2,5,2,4,1,1,4,2,2,1,5,3,-1
947,61,Female,East Mark,4,0,2,0,0,2,0,2,3,0,1,5,2
948,35,Female,Maryville,2,2,4,1,0,5,0,0,2,1,2,4,2
949,34,Female,South Mark,3,3,5,2,1,5,5,1,4,3,4,3,1
950,47,Female,East Julieburgh,1,4,2,1,2,1,5,0,0,1,5,3,1
951,56,Male,Victortown,2,2,3,0,2,4,5,4,3,5,2,1,2
952,25,Male,West Michael,4,3,2,3,4,5,1,3,0,2,0,4,0
953,21,Male,North John,1,2,1,0,2,5,0,4,0,4,1,5,2
954,50,Male,Lake Hannah,1,1,0,4,3,3,2,5,5,0,3,5,2
955,77,Male,Gomezburgh,5,0,2,4,1,0,5,4,2,2,3,1,1
956,35,Female,New Katherine,0,4,0,5,1,4,2,3,4,5,2,0,2
957,58,Female,Jenniferstad,5,3,0,3,5,5,4,3,3,5,4,2,0
958,80,Male,Lake Hollybury,1,2,0,0,0,1,0,4,0,1,4,4,2
959,77,Female,Port Norman,5,0,0,4,3,4,2,5,1,0,3,5,2
960,25,Female,South Jessica,0,5,2,2,1,0,5,2,5,5,0,2,2
961,69,Female,East Annmouth,1,5,3,1,3,5,3,2,4,2,3,4,2
962,64,Female,Hortonview,5,4,0,0,0,4,1,1,2,5,5,4,-1
963,77,Female,Lake Ashley,4,4,3,0,0,4,1,2,2,3,2,0,1
964,26,Female,Weberport,0,2,3,2,2,2,0,2,2,0,4,2,0
965,24,Male,West Taylortown,0,4,3,0,4,2,5,1,1,1,4,2,0
966,35,Male,Vanessaburgh,1,0,4,1,5,2,5,3,0,2,2,1,-1
967,68,Female,Port Stevenstad,4,5,4,2,0,3,3,5,1,0,4,4,2
968,60,Male,Jamesland,0,3,5,4,0,3,5,0,5,2,0,1,1
969,54,Female,Nicholeside,5,0,5,5,0,2,4,0,5,3,5,4,2
970,43,Male,Laurenmouth,0,2,2,5,2,5,2,0,3,0,2,4,0
971,73,Female,Hodgeview,1,1,1,5,0,1,5,3,0,1,1,5,2
972,65,Female,East Joebury,0,5,1,0,3,0,3,0,0,1,1,4,0
973,25,Male,Derrickport,1,1,4,4,2,2,1,3,4,1,0,1,2
974,51,Male,Shelbyburgh,4,1,0,1,1,2,2,1,1,4,5,3,1
975,59,Male,Palmerside,0,4,5,2,2,2,3,2,5,1,0,0,-1
976,62,Male,Elizabethmouth,2,2,2,1,4,1,1,2,3,5,3,4,-1
977,56,Female,Port Stephanie,4,4,2,3,2,0,0,0,4,2,2,0,2
978,51,Female,Jillchester,1,0,4,1,3,2,0,5,2,4,3,4,0
979,19,Female,Adamborough,3,2,5,2,2,0,2,0,5,1,3,5,1
980,46,Male,West Julia,4,2,4,5,5,0,4,2,4,5,4,1,-1
981,48,Female,Aguilarberg,2,4,3,2,5,2,3,1,1,1,1,2,2
982,44,Female,East Biancaborough,5,4,5,0,5,1,1,0,2,0,5,5,0
983,23,Female,Stephensburgh,2,5,0,0,2,0,2,4,0,4,4,3,1
984,37,Female,Nelsonland,2,2,4,2,2,3,4,4,2,5,0,2,2
985,32,Female,North Veronica,0,4,5,3,0,3,4,5,0,1,2,0,2
986,21,Female,Mayville,5,5,4,3,4,0,4,4,2,3,0,3,0
987,59,Female,North Robertfort,5,2,0,4,3,2,0,0,4,5,1,3,-1
988,44,Male,South Ryanshire,4,5,2,3,0,4,0,3,4,1,3,2,2
989,38,Female,Lake Brandon,0,0,0,4,5,4,5,3,3,4,3,4,2
990,80,Female,Danielton,0,5,1,4,5,4,3,3,2,2,3,2,0
991,37,Female,West Sandra,4,2,2,5,4,2,5,0,4,5,5,2,2
992,21,Male,Garnerfurt,4,5,4,4,5,5,3,0,2,4,3,2,-1
993,49,Male,Barronmouth,4,2,2,2,1,1,3,4,5,2,5,5,1
994,52,Female,Lake Laurie,1,1,2,2,3,1,1,0,4,2,4,3,0
995,49,Female,Chadfort,3,3,3,2,0,0,3,1,0,1,4,0,0
996,67,Male,Cookshire,1,2,2,3,1,0,3,4,4,3,3,2,1
997,39,Male,Ericaview,2,1,5,1,2,2,1,0,5,1,2,0,1
998,74,Male,North Shanestad,5,0,1,4,4,5,0,3,2,5,0,3,1
999,63,Male,Jamesport,1,0,0,3,1,5,2,3,1,3,1,3,-1
