user_id,age,gender,location,News,Sports,Tech,Travel,Health,Fashion,Science,Finance,Music,Art,Food,Education
0,68,Female,South Brianfort,5,5,1,3,3,4,0,3,5,0,3,0
1,51,Female,West Kathy,3,3,4,2,2,2,1,1,3,0,0,3
2,47,Male,West Johnchester,0,3,1,4,5,4,5,2,3,2,3,1
3,60,Female,New Stacey,4,1,1,1,2,0,0,0,0,5,3,1
4,29,Female,Port Heather,5,0,3,0,1,4,1,0,2,1,0,1
5,68,Female,Lake Bryan,4,2,0,3,5,0,4,4,2,0,0,3
6,68,Male,North Karen,4,1,2,1,0,3,0,4,2,5,0,5
7,29,Female,New Dawnton,3,5,5,2,1,1,2,4,2,3,5,2
8,22,Male,East Jason,4,4,2,2,4,5,2,5,3,3,4,3
9,38,Female,Boyleport,5,1,5,1,3,2,1,4,2,0,1,0
10,23,Female,Lake Brittanyburgh,1,0,3,2,5,1,3,1,3,4,4,3
11,79,Male,East Justinhaven,1,5,2,4,5,4,1,4,3,0,1,1
12,30,Female,Lake Sethmouth,5,4,4,0,3,4,1,1,5,0,1,1
13,61,Male,New Markchester,0,3,4,1,4,1,2,3,4,0,5,1
14,59,Female,South Joshuaberg,4,3,5,0,0,3,3,2,2,3,5,3
15,73,Male,New Hollyborough,0,2,4,0,1,3,4,0,2,1,4,1
16,46,Female,Melodyville,1,3,3,3,3,5,3,1,5,2,3,5
17,23,Female,East Charles,1,1,3,2,2,5,5,3,2,4,5,1
18,24,Male,East Shawn,2,1,3,1,5,0,5,5,3,5,0,4
19,35,Female,North Karentown,4,3,4,3,4,2,5,5,1,0,5,4
20,23,Male,Lake Fernandoshire,3,2,0,4,4,5,0,0,3,0,4,5
21,55,Male,Lake Tammiemouth,3,3,1,1,5,0,2,1,0,4,4,1
22,78,Female,West Moniqueside,3,3,1,0,2,3,0,5,4,3,3,3
23,47,Male,Zacharymouth,1,4,2,5,0,5,2,4,4,2,5,0
24,52,Female,North Jennifershire,0,2,0,1,4,0,5,4,2,1,4,3
25,24,Male,West Matthewburgh,2,4,0,4,4,2,1,1,1,3,5,1
26,26,Male,West Tony,5,0,3,4,1,3,3,2,5,0,0,5
27,72,Male,Port David,0,5,4,2,2,3,2,2,4,1,5,4
28,55,Female,Dianeport,2,1,5,2,2,2,2,0,2,3,3,0
29,77,Male,Cartermouth,0,2,3,5,3,3,0,0,3,2,2,2
30,74,Male,East Jamesport,2,4,5,4,4,2,4,3,0,4,4,4
31,69,Female,South Anthonystad,5,3,1,4,4,4,5,0,2,3,5,0
32,67,Male,West Michael,3,4,2,5,2,0,5,3,5,0,4,4
33,34,Male,Lake Cliffordstad,2,5,1,0,0,3,0,0,1,4,0,0
34,28,Female,Wyattfort,0,1,4,2,4,0,3,5,0,2,2,0
35,18,Female,Elizabethton,4,0,2,1,3,1,4,1,4,0,3,0
36,41,Male,Port Pennyhaven,3,4,3,1,0,0,0,2,0,1,3,2
37,49,Female,Sparksbury,4,2,1,0,0,3,4,3,4,2,5,2
38,68,Female,North Tylerhaven,4,4,1,1,5,0,0,4,3,4,4,0
39,80,Female,Mcclurebury,0,0,2,2,5,5,4,1,0,3,0,0
40,19,Female,North Travis,0,5,3,5,3,1,3,0,0,4,2,3
41,28,Male,New Nathanport,1,2,0,1,1,3,4,4,4,2,2,0
42,44,Male,New Victoria,4,0,3,4,1,1,3,4,0,2,5,5
43,19,Male,New Zacharyberg,4,4,1,2,2,2,1,1,1,4,3,5
44,76,Male,East Andrew,0,2,1,2,4,3,1,1,3,2,4,3
45,67,Male,Port Tara,5,5,0,2,3,0,4,1,2,0,4,2
46,25,Male,Lake Jacob,3,5,3,4,4,3,1,3,1,1,2,3
47,56,Female,Danaside,5,4,5,1,3,4,4,0,4,3,4,0
48,27,Female,Stevenbury,5,1,0,1,2,4,1,5,0,0,1,3
49,38,Female,Port Markport,2,0,0,1,4,1,1,0,4,5,3,5
50,74,Male,Laurastad,4,0,0,4,5,2,5,2,5,3,5,0
51,72,Female,South Michael,3,4,5,0,1,0,3,5,0,2,4,5
52,67,Female,North Annemouth,5,4,3,4,4,3,1,1,0,5,4,2
53,48,Female,Susanside,3,5,0,5,3,1,0,3,1,0,0,1
54,62,Male,New Analand,4,0,5,2,1,4,1,0,5,4,4,1
55,66,Male,Davismouth,0,0,2,0,3,5,0,0,2,2,5,4
56,76,Female,Port Annafurt,0,1,5,4,1,1,1,1,2,2,4,5
57,70,Male,Moodyhaven,4,2,5,1,3,4,3,5,0,5,4,1
58,62,Male,Graystad,3,4,0,4,0,3,4,5,5,0,1,0
59,36,Female,Deniseshire,1,0,3,1,4,5,2,0,1,3,2,5
60,31,Female,Pamelaburgh,2,5,4,3,5,3,2,1,3,2,3,2
61,51,Female,Lake Elizabethbury,0,2,4,1,4,2,1,2,5,3,2,5
62,44,Female,New Patriciatown,3,0,2,0,4,3,1,0,5,2,5,4
63,58,Female,North Tamaraview,5,2,2,3,2,5,2,0,3,0,2,4
64,28,Male,South Linda,5,2,4,2,2,1,1,4,4,5,3,4
65,38,Male,New Markburgh,3,3,3,5,4,0,0,5,1,4,3,3
66,40,Female,Keithview,4,4,3,3,4,2,1,5,1,2,0,4
67,44,Male,Port Lori,2,4,1,5,4,0,5,3,3,5,4,1
68,37,Male,Millsside,4,1,0,4,4,2,3,1,0,2,5,2
69,75,Male,Villegasfurt,2,1,4,0,3,3,5,0,5,0,0,2
70,61,Female,West Cindy,2,0,2,3,2,0,5,1,4,0,5,5
71,33,Female,New Joshua,3,5,3,4,4,2,5,3,5,2,5,2
72,44,Male,New Roy,2,1,2,2,0,0,0,3,3,3,3,4
73,80,Male,New Nicolemouth,4,1,3,5,3,5,3,1,5,1,5,3
74,35,Male,Santanafurt,3,0,2,1,3,3,2,4,4,5,2,4
75,71,Female,Lake Jesse,0,2,2,1,1,3,4,0,0,5,1,4
76,39,Male,Simmonsshire,2,3,3,2,2,0,3,1,4,1,2,3
77,41,Female,New Johnville,4,0,5,4,0,3,0,4,5,0,2,0
78,29,Female,Lake Stephentown,1,3,2,4,5,1,5,4,4,5,1,0
79,21,Female,North Ronaldville,1,1,1,3,5,1,0,4,1,4,3,4
80,75,Female,Livingstonton,2,1,4,1,1,2,4,4,1,3,5,0
81,28,Male,Burnsberg,2,3,2,1,2,4,2,2,5,3,2,4
82,28,Male,East Cameron,4,2,4,0,5,3,3,1,3,4,1,1
83,51,Female,Brianport,2,1,1,0,0,2,4,5,2,4,4,0
84,48,Female,Lozanoborough,4,4,5,5,1,0,2,2,1,0,1,0
85,66,Male,East Erinburgh,3,1,1,3,5,5,0,1,4,2,2,5
86,80,Male,North Angelaborough,3,5,2,0,5,5,3,0,5,5,0,3
87,22,Female,West Kenneth,5,1,0,4,3,4,0,0,3,0,0,1
88,41,Female,Laraburgh,3,0,5,2,4,4,4,5,4,3,0,1
89,65,Male,North Claytonland,1,1,0,4,0,5,5,5,2,5,2,3
90,51,Male,Marioshire,0,5,1,1,2,0,5,5,2,0,1,2
91,70,Male,Taylorbury,4,4,2,0,5,1,2,2,1,5,5,3
92,47,Female,Fieldschester,4,1,4,1,5,0,2,2,5,0,0,3
93,25,Male,Feliciaberg,4,3,1,1,0,5,2,5,3,4,2,2
94,29,Male,Lake Shanefurt,1,3,0,0,0,4,3,2,1,1,2,2
95,41,Female,South Laurentown,0,0,5,0,5,3,4,2,0,2,5,5
96,76,Female,Johnstad,0,5,2,4,2,5,1,5,5,3,3,0
97,26,Male,Port Teresa,3,2,3,4,4,1,2,5,1,3,4,3
98,65,Male,North Manueltown,5,5,5,0,0,1,4,4,4,1,0,5
99,76,Female,North Timothyberg,3,5,5,5,0,4,4,0,0,2,1,2
100,34,Male,South Amanda,2,0,3,5,0,5,0,5,4,3,0,5
101,66,Male,Wisebury,0,4,4,3,2,1,0,2,1,5,5,5
102,45,Female,West Mikayla,4,1,3,3,4,3,1,4,3,1,1,2
103,66,Male,West Thomas,4,3,4,5,4,1,5,4,5,3,0,0
104,59,Female,West Seanside,3,2,4,0,2,5,4,2,0,1,2,5
105,50,Female,Lake Chelsea,4,2,4,0,0,5,0,5,0,4,5,2
106,24,Female,Lake Helenburgh,0,1,0,5,0,4,5,3,4,0,2,2
107,31,Female,West Brianna,5,4,3,5,4,4,5,2,4,5,0,4
108,53,Female,Aprilmouth,0,5,3,0,0,1,2,0,0,2,2,1
109,68,Female,Suarezmouth,0,0,4,5,4,5,5,0,3,2,2,0
110,66,Female,Crystalhaven,4,5,0,2,5,4,5,1,2,3,0,1
111,33,Male,North Laurafurt,2,4,1,2,0,0,3,3,4,4,3,1
112,35,Male,East Craig,0,0,1,0,5,0,3,0,1,5,0,3
113,79,Male,Lake Kenneth,5,2,5,0,3,5,0,5,5,4,4,1
114,41,Male,West Dana,3,0,3,2,3,2,3,4,2,1,3,5
115,20,Female,Lake Evelyn,5,5,0,5,2,1,0,0,1,2,4,1
116,60,Male,Port Sheila,5,0,4,0,0,2,3,5,3,0,3,0
117,79,Male,Lake Jenniferview,4,4,3,5,4,1,4,3,4,3,0,2
118,24,Female,West Scotthaven,5,4,0,3,5,1,5,3,5,5,3,3
119,63,Male,North Gregory,5,5,0,1,0,2,0,4,1,5,4,3
120,75,Female,Lake Cindy,5,4,5,5,0,2,3,1,5,2,5,2
121,55,Male,Port Douglasborough,1,5,1,3,5,1,0,2,2,3,3,0
122,39,Male,Port Tammy,2,2,4,2,3,1,1,0,4,4,4,0
123,80,Female,South Jay,0,5,5,2,1,0,5,3,4,4,1,4
124,66,Female,Lake Robert,1,5,5,5,1,4,4,5,4,4,1,5
125,57,Male,Hamptonberg,2,3,5,3,5,2,0,0,4,0,5,1
126,22,Female,New Brandiland,2,3,3,3,2,3,4,5,2,3,2,0
127,18,Female,Marissaville,5,2,1,1,2,3,1,5,2,0,1,2
128,57,Female,Strongmouth,5,2,0,3,3,5,2,0,3,2,4,2
129,56,Female,Lake Megan,5,3,4,1,0,3,1,3,3,2,3,1
130,66,Female,Watersmouth,4,1,0,4,5,4,5,4,4,1,3,1
131,54,Male,Keyshire,5,4,1,2,2,1,0,2,4,0,3,3
132,42,Male,Kristaville,1,0,3,3,0,0,5,4,1,5,2,5
133,44,Male,Port Christopher,2,4,3,2,4,4,2,4,0,3,2,5
134,53,Female,North Jamesview,5,1,0,1,2,4,2,3,0,2,5,3
135,46,Male,New Whitney,0,1,5,4,5,4,1,0,3,2,4,0
136,61,Female,Markstad,3,4,4,1,2,1,2,5,2,0,2,3
137,40,Male,Maldonadohaven,0,0,0,0,3,0,3,2,2,0,1,5
138,44,Male,New Derekborough,5,0,2,1,4,2,2,5,5,0,1,1
139,37,Male,New Samanthamouth,0,2,3,3,5,1,2,3,0,3,1,4
140,32,Male,Byrdville,0,1,2,1,5,4,0,0,3,0,3,5
141,78,Female,Lake Jason,5,2,0,5,1,4,4,4,4,2,5,0
142,80,Female,Hickmanfurt,2,0,0,1,2,3,4,1,5,2,5,2
143,28,Male,North Tara,3,4,5,4,4,4,2,3,1,5,5,1
144,60,Male,New Huntertown,5,3,3,1,0,1,3,4,0,2,4,2
145,37,Male,South Hannahshire,5,1,0,3,4,1,3,4,3,1,0,3
146,72,Male,New Shaunside,1,3,4,5,1,4,3,3,4,2,2,0
147,42,Male,Perezchester,3,3,5,0,5,0,2,2,5,2,0,1
148,57,Male,Mayville,1,3,3,3,0,4,4,4,3,4,0,0
149,52,Male,Williamsport,2,5,5,4,0,5,4,1,3,1,5,0
150,45,Male,Stevenmouth,1,5,2,4,1,1,1,3,4,1,1,3
151,68,Female,South Nicoleshire,5,4,5,0,1,2,4,1,0,1,2,4
152,63,Male,East Nicholeberg,2,0,3,5,2,0,2,1,2,5,5,2
153,48,Male,Careyhaven,0,4,2,3,5,3,1,4,5,3,1,0
154,28,Female,Adrianton,2,2,0,5,3,5,0,2,3,3,0,2
155,45,Female,West Robertfort,5,4,0,5,3,0,2,0,0,3,0,0
156,62,Male,New Jaredfurt,1,2,5,3,0,3,3,1,2,1,1,4
157,54,Female,Steelemouth,3,3,3,1,0,4,2,5,5,0,0,1
158,56,Male,New Robertland,1,5,4,5,2,4,4,2,3,2,0,1
159,29,Female,Port Lindsey,4,1,3,3,3,2,3,4,4,3,3,4
160,57,Female,East Adamburgh,2,3,4,4,5,4,4,3,2,2,4,1
161,29,Female,South Kaitlyn,0,5,2,3,4,4,3,5,3,4,5,0
162,54,Female,Reedmouth,4,0,4,3,4,5,1,2,4,0,0,4
163,64,Male,Bradfort,2,5,0,3,4,0,1,3,4,0,5,2
164,57,Male,New Carol,3,0,2,1,3,1,4,2,5,2,1,5
165,45,Male,Rhondamouth,2,2,2,2,3,4,1,2,4,3,1,1
166,40,Female,West Breannafurt,1,2,0,4,1,1,1,0,2,0,4,3
167,73,Female,Robertoborough,0,5,5,5,5,3,0,1,4,5,3,2
168,19,Female,Lake Charles,5,4,5,0,3,0,5,5,2,0,2,0
169,23,Male,Lake Vanessafort,5,3,4,2,1,0,3,0,4,4,0,2
170,59,Male,Lake Matthewburgh,1,3,0,3,5,2,4,1,3,4,4,1
171,37,Female,Shawnburgh,1,2,5,5,4,0,2,5,1,2,0,1
172,60,Male,Port Jesse,3,4,1,1,0,1,1,5,1,5,1,1
173,74,Female,New Kathleenstad,0,4,4,1,1,4,1,5,3,5,3,3
174,60,Female,Lewischester,5,4,4,3,0,5,4,2,5,1,2,3
175,30,Male,South Jennifer,5,5,4,1,4,1,1,1,1,3,0,5
176,43,Male,South Christopherview,0,0,4,3,4,2,4,5,1,2,3,1
177,33,Female,Port Steven,4,5,4,1,1,4,3,2,1,1,3,4
178,78,Female,Port Michellemouth,2,3,2,3,5,1,1,0,0,0,0,3
179,58,Male,North Theresaburgh,1,2,5,5,3,3,4,3,2,2,4,3
180,78,Female,New Richard,5,4,3,0,4,4,4,5,4,1,5,5
181,22,Male,Port Jessicafort,1,4,2,4,1,5,1,0,2,4,2,3
182,37,Male,North Helen,1,3,4,3,4,4,0,2,1,1,4,3
183,60,Male,Maryfort,4,0,3,2,2,1,0,5,2,3,5,1
184,45,Male,Leeview,1,0,4,3,0,4,4,1,2,2,5,1
185,47,Female,Sallyside,2,0,5,2,2,5,5,2,2,2,2,0
186,71,Female,South Traci,3,5,3,0,5,2,1,3,4,3,3,0
187,68,Female,Port Michele,4,0,0,4,5,2,0,2,0,4,3,0
188,63,Female,Port Jeffreyland,1,1,4,0,0,5,4,1,1,0,0,2
189,60,Male,Lake Nicholasport,0,1,2,5,2,5,5,4,5,2,0,4
190,19,Female,Port Tyler,3,5,2,0,4,3,1,1,0,1,4,0
191,74,Male,Williamland,5,0,2,0,1,2,3,2,3,1,2,3
192,51,Male,Stephanieville,3,4,2,4,4,5,2,2,1,3,1,0
193,80,Male,Port Courtneybury,2,2,0,2,5,3,2,5,4,0,0,0
194,35,Female,Johnsonmouth,4,5,4,2,5,3,3,1,2,3,4,4
195,51,Female,New Brandimouth,5,0,0,1,4,3,4,1,2,5,3,5
196,49,Male,Jesuston,2,5,1,2,4,1,5,4,4,2,4,5
197,79,Male,New Troymouth,3,5,4,3,4,4,2,5,5,2,0,1
198,22,Male,Lake Danaview,5,5,0,3,0,2,0,3,0,0,1,5
199,73,Female,Lake Deannaside,0,2,1,3,2,1,0,2,2,5,5,1
200,36,Female,Lake Dawnchester,0,3,5,1,3,3,4,3,5,2,3,2
201,50,Male,Lake Carolyn,4,4,5,1,2,3,3,1,1,5,0,0
202,54,Female,Jonathanmouth,1,0,3,3,0,1,2,4,3,0,1,4
203,51,Female,Melissaton,1,5,0,2,2,5,2,0,0,3,4,4
204,32,Female,Lake John,2,2,3,2,1,5,1,3,3,5,4,0
205,19,Female,Howardside,4,0,3,5,0,1,1,5,5,0,2,1
206,40,Female,Garychester,3,0,4,0,0,2,1,3,5,4,0,1
207,45,Male,Mccarthybury,2,4,4,0,5,5,1,0,4,3,3,0
208,38,Female,South Rodney,4,0,0,4,4,2,0,1,2,3,5,2
209,33,Male,East Davidmouth,3,5,0,2,5,2,1,5,3,5,4,5
210,31,Male,Normanville,3,5,3,3,0,0,1,1,4,4,1,5
211,43,Male,Port Emilyfurt,2,0,1,4,2,3,5,0,4,3,5,2
212,49,Female,East Steven,2,2,0,0,5,2,4,4,5,0,5,4
213,18,Female,Clarkland,3,1,4,5,5,2,0,2,0,1,1,5
214,21,Male,Caseburgh,0,3,2,2,0,0,5,3,2,0,5,4
215,34,Male,East Gary,4,5,2,1,2,2,3,1,4,1,3,5
216,62,Male,Hufffort,0,0,2,0,3,1,1,0,1,0,0,1
217,67,Female,East Paul,2,2,0,0,5,4,2,2,1,2,2,2
218,75,Female,Jonesberg,5,0,3,2,2,1,0,2,1,4,0,1
219,21,Female,Lisabury,2,0,2,3,3,2,5,3,0,5,2,1
220,31,Female,New Jesseburgh,5,0,3,1,5,5,2,2,2,4,2,3
221,79,Female,Port Jasonburgh,5,0,5,0,3,3,2,2,0,0,3,1
222,53,Female,Caitlynshire,2,2,5,4,1,2,5,2,4,2,4,4
223,56,Male,North Victoria,4,5,4,4,4,2,1,1,0,2,2,0
224,57,Female,East Maria,2,1,4,5,5,2,1,2,5,2,0,2
225,26,Male,Bergport,0,4,0,3,3,2,1,5,2,5,5,1
226,56,Male,North Samantha,5,3,2,5,0,3,0,3,1,5,2,3
227,18,Male,Stephenhaven,2,2,1,4,0,5,1,1,0,3,4,2
228,35,Male,Lake Justin,3,5,0,1,1,4,5,1,1,3,2,1
229,68,Male,Grayshire,5,5,2,2,4,5,2,5,3,4,1,1
230,25,Male,Dianeborough,4,0,1,0,3,3,2,0,3,2,2,5
231,22,Female,New Darrell,4,0,5,4,3,2,0,3,5,4,2,5
232,76,Male,Georgetown,4,2,2,2,3,5,3,2,0,2,5,4
233,26,Female,Stewartfort,5,3,2,3,2,4,5,2,2,4,4,2
234,62,Female,West Robertville,2,3,5,4,0,2,0,2,5,1,0,3
235,21,Male,Middletonmouth,1,3,1,4,5,2,2,0,1,5,3,2
236,68,Male,New Michaeltown,3,1,4,5,3,5,4,1,2,1,5,4
237,21,Female,Michellestad,1,1,5,1,4,3,4,4,5,1,5,1
238,24,Male,Duffyton,2,0,5,1,1,1,0,3,5,1,0,3
239,55,Male,Mullinsland,5,4,4,0,1,5,3,2,0,3,4,2
240,75,Male,Port Katelynburgh,5,1,2,4,1,5,2,2,1,1,3,0
241,68,Male,Palmerfurt,4,3,3,5,0,4,5,1,4,0,4,0
242,42,Male,Jonesland,4,2,0,3,4,1,3,3,1,4,3,0
243,26,Male,Lake Whitneybury,2,0,0,3,1,0,3,2,1,0,3,4
244,24,Male,Wheelerbury,4,3,3,2,5,4,3,5,4,3,5,3
245,44,Male,Floresbury,0,0,1,5,5,2,5,2,0,5,0,0
246,64,Male,New Jennifer,5,2,3,1,2,1,0,3,2,4,4,0
247,28,Male,New Stevenchester,1,2,4,0,0,4,2,4,4,2,5,1
248,78,Female,South Angelashire,1,0,1,5,2,1,3,1,4,3,0,1
249,78,Male,Dawsonville,1,3,1,4,4,5,3,2,0,1,5,3
250,47,Female,Flynnburgh,0,4,4,5,5,2,5,1,3,5,2,1
251,73,Female,Bishopfurt,0,4,0,0,2,0,3,5,5,1,2,2
252,75,Male,Hallstad,4,3,5,0,2,3,5,1,0,1,1,2
253,22,Female,Garciashire,3,2,2,4,2,4,1,3,0,1,5,3
254,59,Male,Hoshire,2,4,2,3,2,1,5,4,3,0,4,3
255,29,Female,North Joshua,2,0,3,3,1,2,5,5,4,0,0,1
256,28,Male,West Melissa,0,5,0,5,3,1,4,5,5,5,5,0
257,57,Male,Darlenetown,1,2,5,0,3,4,1,5,2,4,2,0
258,42,Male,Whiteheadville,5,5,4,1,1,0,1,2,4,2,5,1
259,36,Male,Danielborough,3,0,5,2,0,3,4,3,1,1,3,2
260,49,Female,Melanieview,0,1,0,5,0,2,2,0,5,3,3,0
261,34,Female,Sarahfurt,2,3,0,0,5,0,4,2,3,5,1,2
262,20,Female,Roberttown,5,1,4,4,3,2,3,4,5,2,1,2
263,78,Male,New Raymond,1,3,2,0,0,4,4,3,2,5,1,4
264,65,Female,Carlsonville,2,1,2,1,5,5,4,4,0,0,5,5
265,23,Male,Port Rachel,3,2,2,5,5,2,5,1,0,4,2,3
266,53,Female,South Markmouth,2,1,2,2,4,1,5,1,5,4,3,3
267,39,Female,North Michelle,5,2,4,1,4,3,2,4,0,1,1,1
268,52,Female,Helenshire,3,0,1,5,5,0,2,4,0,1,2,5
269,33,Male,Donborough,5,3,5,5,2,5,4,5,4,5,0,0
270,56,Female,West Tracey,4,4,3,4,2,5,0,1,3,3,0,0
271,67,Female,West Javiershire,1,3,4,2,4,1,4,0,1,2,1,0
272,27,Male,Lake Lindashire,5,2,2,2,4,4,1,2,2,0,4,3
273,28,Female,Kaylaton,1,5,4,3,4,5,0,5,5,4,5,2
274,36,Female,Robertside,4,4,1,1,3,2,5,4,5,4,4,5
275,61,Female,New Kimside,0,3,0,1,3,0,1,3,5,4,0,2
276,48,Male,Port Hannahfurt,1,0,1,1,4,4,2,1,2,0,3,3
277,58,Female,New Jessica,4,1,2,2,0,5,3,1,3,1,2,0
278,69,Female,Markmouth,0,5,4,3,2,1,1,5,1,4,4,4
279,40,Male,Parkstown,4,4,0,2,0,5,3,1,1,5,5,5
280,79,Female,Port Douglas,0,1,2,4,4,3,2,1,2,5,0,1
281,67,Male,Port Randall,5,3,4,2,0,3,5,1,1,4,1,2
282,41,Female,West Kevinburgh,5,4,1,4,3,0,0,4,1,0,1,1
283,41,Male,East Kelsey,4,3,1,3,4,5,5,5,1,0,5,3
284,44,Female,South Brianberg,2,0,0,5,3,4,5,3,3,0,3,4
285,61,Male,Annefort,0,1,4,1,1,5,0,0,3,4,5,2
286,37,Male,East Josemouth,0,4,3,3,0,5,5,5,2,0,3,2
287,52,Male,Port Kayla,5,0,1,0,0,5,5,5,0,5,3,1
288,41,Male,Richardville,5,1,3,4,5,5,1,2,2,5,5,0
289,40,Female,Angelaberg,5,3,4,3,3,4,4,5,1,4,1,4
290,26,Female,New Patriciafort,0,2,2,0,1,4,3,1,1,5,1,1
291,80,Male,Bethchester,3,2,3,0,1,0,3,1,5,4,4,1
292,54,Male,Port Loritown,2,2,5,5,2,5,4,0,1,5,4,2
293,60,Female,Hamiltonbury,3,3,3,5,3,0,3,2,1,0,0,3
294,73,Male,South David,0,5,3,3,2,3,4,1,5,2,4,0
295,35,Female,North Sean,3,0,1,4,1,1,3,2,3,0,5,4
296,41,Male,South Tylerfurt,3,0,0,2,5,4,5,5,1,3,4,5
297,54,Female,West Elizabethstad,3,4,2,5,4,3,3,2,1,0,5,1
298,41,Female,Port Erika,2,5,4,1,0,2,0,1,3,2,0,3
299,31,Male,Lake Jennifer,3,3,4,3,4,4,3,0,1,5,0,4
300,54,Female,Harrischester,2,3,0,0,1,5,0,2,4,2,2,5
301,26,Female,Skinnerland,4,2,4,1,0,4,4,3,5,1,3,1
302,57,Male,Matthewston,3,2,5,0,2,4,0,0,3,1,1,1
303,63,Male,North Kristopherborough,0,0,0,5,2,1,3,3,4,5,4,2
304,52,Female,Lake Alexis,4,4,5,1,2,5,2,1,5,0,4,1
305,25,Male,East Marissafort,3,4,1,1,1,0,1,0,0,2,4,0
306,40,Male,Cohenshire,5,2,1,0,4,5,4,3,4,5,1,2
307,53,Male,Patrickchester,4,5,5,4,1,4,3,1,2,3,1,2
308,53,Female,Brooksstad,2,1,2,5,0,2,3,5,5,5,2,2
309,41,Female,South Kathy,0,1,1,1,0,4,1,5,2,4,5,1
310,63,Male,New Kathleenshire,1,5,0,3,3,1,3,0,3,4,5,4
311,72,Male,West Christineview,5,2,3,3,1,1,0,1,0,2,0,5
312,37,Male,Albertshire,3,3,1,5,3,2,2,4,5,2,0,5
313,25,Male,West Christopher,4,3,2,1,5,2,1,3,0,0,4,4
314,67,Male,Smithside,3,3,2,0,2,4,1,2,5,5,0,1
315,70,Female,East Nicholas,1,5,2,5,5,5,4,3,0,3,5,5
316,44,Male,Savageberg,2,4,0,0,0,2,3,5,2,5,3,4
317,79,Female,West Erikborough,4,4,3,1,3,4,2,4,5,1,2,0
318,60,Male,New Robertburgh,5,4,4,2,4,4,2,2,0,0,1,1
319,18,Female,West Hannahton,1,4,4,1,5,3,0,0,2,1,2,4
320,54,Female,Jonesstad,3,1,0,5,5,3,1,2,5,5,4,0
321,18,Female,New Katherineside,2,5,2,4,5,4,3,5,0,1,1,2
322,25,Male,East Williamhaven,4,0,3,4,1,1,5,1,2,5,1,2
323,48,Male,Robertland,5,2,2,5,5,0,0,0,3,2,0,1
324,40,Male,Port Thomasfurt,4,0,3,5,0,2,5,0,0,5,1,0
325,61,Male,Steeleville,5,1,1,4,4,3,1,3,2,2,4,4
326,42,Female,Williamsstad,2,0,5,0,5,5,1,2,3,1,5,0
327,44,Female,Harrisontown,0,5,4,0,5,3,5,3,1,0,4,0
328,42,Male,West Lynnview,3,1,0,4,0,4,5,1,3,1,3,0
329,57,Female,New Yvettetown,1,2,2,5,3,3,5,5,0,4,3,1
330,19,Female,Port Stephenburgh,4,3,1,5,2,3,4,4,1,2,2,1
331,74,Female,West Marcus,4,5,5,1,2,5,3,0,3,0,1,2
332,22,Male,Lake Alextown,5,5,2,4,4,3,4,2,0,3,4,3
333,24,Male,North Mistyport,0,4,3,4,0,2,1,1,5,2,2,2
334,50,Male,Port Joshua,4,4,5,2,5,2,4,1,0,5,3,0
335,26,Female,Lake Ashleymouth,2,5,3,1,0,1,5,1,5,1,0,3
336,33,Male,North Jenniferburgh,1,4,4,0,4,1,4,0,4,1,4,0
337,63,Male,North Dawnfurt,5,3,0,5,1,5,0,5,1,2,1,5
338,61,Female,Bartlettchester,2,5,1,3,3,2,3,4,2,4,2,4
339,64,Female,East Robert,0,2,5,0,5,1,1,0,2,1,5,2
340,31,Female,Justinberg,2,5,3,1,4,2,3,5,2,4,4,3
341,72,Female,West Denise,1,5,3,0,2,3,2,2,5,2,2,4
342,41,Female,Alexandriaburgh,2,3,5,1,1,0,3,0,0,0,0,0
343,51,Female,South Jason,5,5,2,0,2,3,2,0,2,5,2,1
344,70,Female,Michaelland,2,4,5,0,1,0,2,2,3,1,1,1
345,28,Male,Johnberg,4,5,5,4,5,1,4,5,2,4,4,3
346,59,Female,Ronaldstad,0,2,0,5,5,4,1,0,4,3,0,3
347,19,Male,New Spencerhaven,2,1,5,5,1,3,1,3,5,0,1,3
348,18,Male,West Micheal,1,4,5,3,4,5,0,1,5,3,5,2
349,33,Female,Middletonchester,2,3,1,4,5,0,2,4,1,0,4,0
350,59,Male,Port Paulborough,3,1,2,3,5,5,1,5,0,1,4,4
351,27,Male,South Andrew,5,5,2,5,5,5,0,3,3,1,1,1
352,80,Female,Davidville,1,5,2,3,1,5,5,3,4,4,1,3
353,33,Male,Hortonmouth,1,2,4,5,4,5,2,2,3,3,2,4
354,37,Female,North Madison,5,3,3,0,3,1,1,1,1,4,0,3
355,48,Male,Klineport,5,4,5,3,5,2,0,0,5,5,4,1
356,38,Male,South David,0,5,4,5,1,3,5,0,1,5,4,4
357,26,Female,South Robert,3,0,0,5,2,0,3,3,3,0,1,3
358,22,Male,Charlestown,2,0,4,2,5,4,0,2,5,5,5,0
359,72,Male,New Amyville,4,0,1,5,4,4,5,0,1,3,3,3
360,59,Female,West Josephport,0,3,2,0,5,4,5,4,0,0,4,0
361,57,Female,Elliottland,2,0,5,3,4,1,0,3,1,5,1,0
362,52,Female,South Andreabury,4,5,3,3,4,4,4,5,2,3,4,2
363,64,Female,East Michael,5,1,2,1,5,0,0,4,2,4,2,2
364,63,Male,Ianborough,2,2,4,3,1,5,0,3,1,1,3,0
365,62,Male,Freemanside,4,0,3,2,5,2,3,4,2,5,0,3
366,76,Female,Barrmouth,4,3,1,3,0,2,5,3,2,2,1,2
367,22,Male,Susanstad,1,4,2,2,4,2,5,3,4,5,4,0
368,75,Male,Millsport,1,4,4,5,2,5,4,2,2,2,2,0
369,34,Male,Hallchester,1,3,1,3,4,3,0,5,3,4,3,4
370,32,Female,South Angie,5,0,0,0,1,2,2,5,0,1,0,5
371,77,Female,Hodgeshaven,0,1,2,5,5,1,5,0,4,4,0,1
372,58,Female,North Zacharystad,0,0,1,2,5,5,4,4,2,4,2,2
373,38,Male,Lake Tiffany,0,4,4,4,4,1,3,5,2,4,5,0
374,70,Female,Natashaberg,5,2,4,3,2,4,4,2,3,4,1,2
375,40,Female,North Isaiahfurt,3,0,3,4,1,3,1,3,4,5,1,4
376,61,Female,North Stephaniemouth,3,2,1,3,1,2,4,5,3,0,0,5
377,42,Male,North Jeremyberg,0,2,4,1,5,1,3,0,5,4,5,0
378,25,Male,East Olivia,0,0,2,2,4,3,0,3,2,5,3,3
379,66,Male,New Johnport,4,1,1,5,2,5,1,1,3,1,1,0
380,55,Male,South Nicole,0,2,5,0,4,4,5,4,4,1,4,0
381,62,Female,North Jamesfurt,4,1,1,3,3,2,5,0,5,1,4,4
382,33,Male,East Stephanie,1,4,1,2,1,4,4,5,3,5,0,0
383,40,Female,East Susanside,0,2,5,1,3,3,1,2,1,0,1,0
384,62,Male,Alexanderton,2,5,1,0,2,5,1,2,3,3,5,3
385,24,Female,New Stephaniemouth,0,3,0,4,3,1,3,3,0,5,4,0
386,67,Female,Lake Dustin,0,1,4,2,2,4,0,0,4,5,5,0
387,65,Male,North Joshua,2,1,4,0,0,5,1,3,3,1,2,4
388,64,Male,Stevenmouth,5,4,0,4,4,5,3,5,1,4,4,5
389,58,Male,Marybury,2,5,4,3,1,5,1,1,5,1,4,3
390,74,Female,Port Kathleen,0,4,0,4,5,2,1,4,5,0,1,0
391,54,Female,Port Joseborough,4,5,2,3,2,5,4,3,3,5,0,5
392,29,Female,Lake James,3,4,5,2,3,2,0,0,5,2,3,3
393,70,Male,South Davidhaven,0,4,3,1,4,2,1,2,0,1,2,5
394,65,Female,Rachelburgh,5,3,3,2,2,1,5,4,2,2,4,0
395,30,Male,Phillipsland,3,0,0,0,4,0,5,3,5,3,0,0
396,46,Male,Blanchardchester,2,4,5,4,3,1,0,1,4,2,5,4
397,19,Male,Hannahport,3,5,3,1,5,0,0,4,2,1,4,3
398,21,Female,New Kimberlymouth,2,3,3,2,0,0,1,1,4,2,5,0
399,36,Male,Ramosport,0,5,1,2,3,2,2,2,4,0,3,2
400,71,Female,North Joseton,3,4,4,5,3,5,0,5,3,4,4,5
401,66,Female,West Stephenport,2,4,5,3,5,5,4,5,5,2,4,2
402,43,Female,Alexanderview,0,4,0,1,3,3,1,1,1,3,3,2
403,69,Male,Lake Annatown,5,4,2,2,1,3,4,4,4,3,1,3
404,61,Male,West Whitney,2,0,2,2,5,5,2,3,4,2,1,5
405,63,Male,North Katherinefort,2,2,2,0,4,3,4,2,5,1,5,5
406,60,Male,Danieltown,2,4,1,5,3,5,1,4,3,2,1,3
407,75,Female,Mcfarlandport,2,0,4,1,2,4,5,5,3,3,3,4
408,49,Male,Kirkmouth,0,3,0,4,0,2,1,1,1,1,5,2
409,72,Female,Timothybury,1,3,1,5,0,4,1,5,3,3,5,5
410,42,Female,West Ashleechester,0,1,4,4,2,2,3,0,4,4,0,3
411,48,Female,Hickmanchester,2,4,5,3,4,2,3,3,3,2,1,4
412,56,Male,North Katelynside,5,2,3,2,5,2,4,4,4,5,1,2
413,46,Female,Byrdfurt,5,0,0,5,0,4,1,4,4,0,4,4
414,73,Female,Port Joshuashire,0,4,3,3,0,4,0,4,4,4,3,5
415,48,Male,Thomasfort,4,4,2,5,4,0,3,4,4,4,5,0
416,74,Male,Donnaview,2,0,4,1,1,0,3,1,3,0,4,0
417,64,Female,Port Anthonyshire,0,5,1,2,4,0,5,0,5,4,2,5
418,77,Male,Port Jose,3,2,0,5,3,4,5,4,5,3,2,2
419,51,Female,Jeffreyfurt,1,1,1,1,2,1,5,2,5,4,5,2
420,42,Female,West Patrickton,0,4,3,1,0,1,3,1,2,4,5,4
421,50,Male,Hardinview,4,4,4,0,2,5,1,4,1,3,2,3
422,37,Female,Yeseniastad,4,4,5,3,5,3,0,3,4,1,2,2
423,27,Male,North Charleshaven,5,0,4,4,4,1,3,1,1,2,5,5
424,53,Female,South Laurenchester,5,5,2,1,5,0,1,1,3,1,0,2
425,58,Female,Richardsonland,5,0,2,5,4,2,5,0,5,3,4,5
426,30,Female,Robinsonbury,3,3,4,2,1,5,2,4,3,3,1,2
427,49,Male,Gonzalesmouth,0,1,1,2,5,2,4,5,2,0,4,3
428,67,Female,West Dustin,4,2,0,5,3,1,1,4,3,1,1,3
429,59,Male,Lake Christina,5,1,0,2,5,4,2,4,4,4,1,4
430,26,Male,Katherineland,1,2,0,4,0,3,1,3,3,1,4,5
431,43,Male,Andresside,4,1,4,4,4,3,5,5,4,2,4,0
432,76,Female,Evansstad,5,3,5,1,1,4,5,0,3,5,1,3
433,39,Male,Nicoleville,5,1,1,2,4,3,2,0,2,2,5,0
434,37,Female,North Melvinmouth,1,0,1,4,4,2,2,0,4,3,4,0
435,28,Male,Alexanderfort,0,2,5,0,4,5,1,2,2,1,4,0
436,45,Male,Rileyhaven,1,0,2,1,2,5,5,4,3,2,4,1
437,78,Male,North Katieville,2,0,4,3,2,0,2,1,2,3,0,0
438,74,Female,Lake Tara,0,4,4,5,4,5,4,2,1,2,5,1
439,80,Female,New Davidstad,5,2,1,5,5,0,3,2,3,2,3,4
440,43,Male,New Justin,4,2,0,2,5,5,2,2,1,0,5,5
441,64,Female,West Michaelborough,4,1,5,5,5,3,5,0,0,5,3,3
442,29,Female,Port Edward,4,0,3,1,3,0,1,2,3,4,5,4
443,50,Male,East Carrie,2,2,0,3,2,5,4,4,3,0,3,3
444,49,Female,New Richardport,3,5,5,0,1,3,3,2,4,4,1,0
445,50,Female,Jonesport,1,3,0,1,4,4,4,3,5,5,5,4
446,20,Male,Vegaport,2,5,0,4,3,4,2,2,3,3,5,0
447,30,Female,North Alicia,4,4,4,0,5,1,3,2,5,5,1,1
448,57,Male,Pattersonville,0,0,4,1,4,0,1,4,2,0,1,4
449,44,Male,Matthewfurt,5,5,0,2,3,1,1,5,0,5,4,3
450,37,Male,Jacobton,5,0,3,0,0,2,3,5,3,0,1,3
451,33,Female,Lake Carlstad,3,5,1,5,3,5,3,2,5,1,1,2
452,34,Female,Myersburgh,5,0,5,5,0,2,1,2,0,4,3,5
453,57,Female,Raymouth,4,0,0,4,1,3,2,5,1,0,2,2
454,60,Male,New Jorgeburgh,5,0,1,1,4,0,1,0,5,4,5,4
455,51,Male,Garrettside,5,4,1,1,0,4,0,0,5,0,0,0
456,65,Female,West Heather,3,5,3,0,3,5,0,5,1,5,4,0
457,43,Male,West Mistybury,2,4,0,4,0,5,5,4,2,0,0,1
458,34,Male,Lake Katherine,3,0,1,3,2,5,1,1,5,3,1,2
459,21,Female,Port Robertview,1,2,2,0,2,2,4,5,0,4,2,0
460,68,Female,Michaelland,5,1,3,2,1,4,3,0,3,1,2,4
461,46,Female,Ernestport,4,2,4,2,2,3,4,1,0,1,1,5
462,59,Male,Lake Amyton,4,2,4,0,5,3,1,3,0,3,4,3
463,77,Male,North Isabella,0,3,0,4,1,2,3,1,1,5,3,5
464,27,Female,Saratown,4,0,5,3,4,3,0,4,1,1,1,3
465,34,Male,New Matthew,5,2,1,5,0,5,5,0,1,5,5,3
466,35,Male,Billyfurt,2,5,1,1,5,0,0,5,0,3,3,2
467,30,Female,New Joshuatown,5,1,2,5,0,5,1,2,3,2,1,4
468,67,Female,East Micheal,4,0,0,1,3,5,1,4,3,0,3,0
469,48,Female,Kevinberg,1,5,4,4,5,0,2,3,5,1,5,5
470,77,Male,North Barbaraborough,1,3,3,0,0,1,3,3,1,5,0,2
471,45,Male,Diazborough,3,2,4,2,4,1,0,0,0,4,3,2
472,35,Male,West Cynthiaborough,1,3,0,2,1,0,5,4,0,1,5,4
473,22,Male,Autumnport,0,4,3,2,4,1,1,4,3,4,2,4
474,28,Female,Gloriamouth,2,2,5,0,4,0,3,1,0,4,0,0
475,38,Female,East Sarahmouth,1,3,0,0,1,2,3,1,4,5,5,3
476,63,Male,New Steven,5,1,5,2,1,1,0,2,1,2,1,1
477,40,Male,South James,2,4,5,1,3,5,3,0,1,5,1,3
478,72,Female,Lake Anne,0,5,3,2,3,3,1,2,2,1,0,5
479,30,Female,Port Gabrielleville,3,4,0,1,1,1,3,2,5,3,2,2
480,33,Female,West Nataliefurt,4,0,2,3,2,2,1,0,3,3,3,2
481,69,Female,Brooksborough,0,4,4,2,5,4,3,1,5,4,5,1
482,54,Male,Rojashaven,5,5,5,5,2,0,4,1,3,5,0,2
483,46,Female,West Andrewtown,2,2,5,4,4,0,1,1,4,4,3,2
484,46,Male,East Vincentstad,5,1,0,4,2,3,5,0,2,4,0,5
485,60,Female,South Brenda,4,3,5,5,4,5,0,3,0,3,1,4
486,62,Female,Stanleyborough,2,3,1,1,4,3,5,3,2,4,1,5
487,70,Female,New Megan,3,3,1,2,4,4,0,5,3,2,2,3
488,18,Male,Hollyport,0,1,0,0,5,0,0,0,4,0,0,1
489,59,Female,Lake Kevin,1,0,2,5,2,2,5,1,3,3,5,4
490,42,Female,Rachelmouth,2,4,2,5,2,5,1,3,1,5,5,1
491,76,Female,Lake Spencerburgh,4,4,2,2,4,2,1,1,0,0,0,0
492,36,Female,West Christopherport,1,5,4,4,3,3,1,2,0,3,4,0
493,34,Female,Stevenland,5,3,5,4,3,5,0,1,1,5,5,0
494,40,Female,Amyberg,1,3,4,3,4,4,5,5,2,0,3,5
495,37,Female,Wrightstad,5,4,4,3,1,0,2,0,0,4,3,2
496,31,Female,North Austin,3,1,1,4,2,5,3,3,3,0,4,4
497,36,Female,East Carla,4,5,5,3,1,1,3,4,5,3,2,3
498,62,Female,Gloverstad,1,2,2,0,1,2,1,5,3,4,3,0
499,22,Male,Heatherburgh,2,3,5,3,1,0,2,2,5,2,0,5
500,21,Female,Bakerhaven,0,4,4,1,1,5,5,3,5,1,2,5
501,30,Female,Pittsland,4,5,2,1,5,2,3,1,1,5,1,3
502,47,Male,Christopherfurt,2,5,4,3,0,3,0,2,2,0,2,3
503,70,Male,Hawkinsside,3,3,5,0,3,3,2,0,0,3,0,0
504,63,Male,Andersonland,0,2,4,0,5,1,1,5,3,1,2,3
505,65,Male,South Joshuabury,0,0,0,2,1,3,0,0,5,4,3,1
506,67,Male,North Courtney,2,2,0,4,0,5,0,2,1,0,5,0
507,42,Female,Fullermouth,4,1,1,3,4,4,4,3,4,3,4,4
508,24,Female,North Michaelfurt,0,3,0,2,2,2,1,2,4,3,2,5
509,70,Female,Guerreroton,3,2,1,5,4,5,0,1,0,5,1,4
510,53,Female,New Michael,4,4,2,5,5,3,3,4,1,0,3,5
511,43,Female,Johnsontown,0,4,2,5,5,4,1,3,4,2,3,4
512,43,Male,Craigfort,0,5,4,1,2,3,1,0,4,3,5,3
513,38,Female,Jacquelinemouth,2,0,1,3,3,3,4,0,3,1,4,2
514,51,Female,Hunterchester,5,3,0,3,0,3,3,4,4,0,2,2
515,46,Female,Davisfurt,5,0,2,0,3,1,5,0,1,1,5,5
516,71,Female,Rasmussenville,1,1,2,2,5,3,3,4,4,2,4,2
517,57,Female,Davidland,2,0,0,4,4,2,1,4,4,1,2,3
518,75,Female,Harrisstad,0,1,3,0,5,5,1,5,2,0,1,4
519,74,Female,Elizabethshire,5,5,2,0,0,2,4,5,4,4,2,0
520,28,Male,Port Patricia,5,0,5,0,5,1,3,0,3,3,4,3
521,62,Male,Lake Robert,3,4,0,1,3,4,0,2,4,4,3,5
522,31,Female,Johnsonborough,3,5,0,2,1,4,3,5,4,2,2,3
523,63,Female,Lake Michaeltown,1,3,0,2,3,4,4,2,3,5,3,3
524,58,Female,South Tammy,1,4,0,3,2,4,3,5,2,4,1,0
525,70,Male,Emilyshire,3,1,4,1,1,2,0,0,4,1,1,5
526,47,Male,Wheelerfort,3,5,4,4,2,0,3,5,2,2,2,2
527,29,Male,Wallmouth,0,4,5,4,1,2,1,3,5,4,1,1
528,68,Female,Reynoldston,2,2,4,4,3,4,0,4,4,0,2,5
529,22,Female,Maddoxview,4,0,0,3,1,4,5,4,0,4,0,1
530,29,Female,Patrickburgh,5,4,3,2,4,0,5,0,4,3,0,5
531,19,Female,East Paul,2,2,5,5,4,4,0,1,0,5,5,4
532,46,Male,New Rebeccachester,5,1,2,2,2,0,3,3,2,4,1,3
533,79,Female,East Sara,2,0,1,5,4,1,4,4,0,4,1,3
534,67,Female,Fischerville,1,4,0,5,2,1,4,0,3,5,1,3
535,32,Female,Masseyview,4,5,5,1,1,2,0,2,5,0,2,4
536,56,Male,West Eugene,0,2,3,4,2,5,4,5,4,0,1,3
537,19,Female,East Lori,0,4,2,1,1,5,5,3,0,1,4,2
538,36,Male,New Markfort,1,1,2,4,2,0,4,1,2,4,3,3
539,57,Male,West Joshua,4,5,4,0,2,3,0,4,4,4,0,4
540,67,Male,Rodriguezstad,5,0,0,3,3,0,3,1,4,0,5,5
541,25,Female,East Lindaberg,5,5,1,4,0,0,4,2,0,4,3,3
542,71,Female,North Annashire,4,2,3,1,3,2,0,5,4,0,2,0
543,51,Female,West William,5,4,2,0,3,4,5,5,5,5,2,0
544,26,Male,Lake Janice,1,4,4,3,2,5,4,5,4,3,0,2
545,20,Male,South Erin,3,4,5,0,3,3,0,2,0,3,0,3
546,27,Female,Michealfort,5,5,1,3,5,0,4,3,2,2,2,1
547,29,Male,North Dianaview,4,0,4,5,1,3,1,1,2,1,1,1
548,75,Male,North Josephhaven,1,2,4,1,3,2,3,1,5,3,1,2
549,38,Male,Dannymouth,1,2,2,5,1,3,5,2,1,3,2,0
550,72,Female,Jamesland,5,5,2,4,2,0,4,4,3,3,5,3
551,68,Female,Brooksville,2,1,4,1,3,2,5,3,0,5,2,2
552,77,Female,East Danielle,4,3,3,4,3,2,5,3,5,1,1,5
553,25,Male,Katieport,0,0,2,1,0,5,1,4,5,2,1,5
554,36,Male,East Edward,0,2,5,2,3,2,3,2,0,3,2,5
555,27,Male,New Mary,3,2,1,4,5,2,5,3,3,1,1,1
556,19,Female,East Matthewfurt,3,2,0,1,5,4,0,4,2,1,3,5
557,22,Male,North Johnchester,1,3,0,1,2,1,1,3,2,4,1,4
558,26,Male,Turnermouth,1,4,3,5,5,0,1,1,5,3,4,2
559,61,Female,Cobbport,5,5,3,1,0,5,5,0,5,3,2,4
560,28,Male,North Chadfort,0,0,1,0,5,2,5,5,1,5,1,0
561,25,Male,Chelseafort,2,1,1,3,0,3,5,1,5,3,0,5
562,18,Female,Miguelburgh,5,1,4,4,2,2,0,2,4,5,0,2
563,79,Male,Lake Erin,3,4,2,0,3,1,2,3,0,4,0,3
564,76,Male,Jeffreyland,2,1,3,3,3,1,5,2,1,1,1,4
565,66,Female,Port Karenshire,0,4,4,3,1,0,4,2,1,1,2,0
566,57,Female,East Timfort,1,1,4,1,1,2,4,0,3,0,2,1
567,26,Female,Youngview,5,5,1,0,5,5,0,0,1,2,3,4
568,39,Male,Larrychester,3,4,1,1,4,1,2,1,5,5,3,0
569,27,Female,Mcgeeberg,3,2,0,5,3,0,0,3,3,2,3,5
570,31,Male,Catherinemouth,2,4,5,1,1,3,1,3,3,1,5,0
571,67,Male,Leeburgh,2,1,4,5,0,5,3,0,2,5,3,1
572,55,Male,South Seth,5,2,1,0,0,5,5,3,3,1,2,5
573,76,Female,West Jefferytown,3,0,2,4,5,1,4,5,3,1,5,5
574,61,Male,Timothyburgh,4,1,5,3,4,0,4,0,5,1,3,1
575,57,Female,Port Andreafort,3,1,0,0,4,1,1,5,5,3,3,1
576,23,Male,Lindabury,0,0,5,0,3,4,5,2,5,5,2,4
577,48,Female,East Ryanstad,1,1,1,0,5,1,1,3,3,3,2,4
578,55,Female,Port Julieland,3,5,5,2,5,3,2,2,2,5,2,3
579,61,Male,Villarrealtown,1,3,1,4,1,2,4,4,2,2,4,3
580,40,Female,West Victoria,5,4,2,4,3,1,4,3,3,2,0,1
581,32,Male,West Jameschester,3,3,5,2,0,5,0,0,5,0,3,5
582,34,Female,Justinmouth,5,4,0,5,2,1,5,0,2,4,3,4
583,19,Male,Carolinebury,1,4,5,3,1,4,0,3,2,5,3,3
584,50,Female,East Jessicaborough,2,0,4,5,4,0,2,5,3,2,5,1
585,24,Male,South Mary,5,2,5,3,4,3,3,4,4,2,0,5
586,68,Female,Edwinchester,5,3,5,4,0,4,4,1,0,5,1,4
587,72,Female,Port Morganburgh,1,4,5,2,5,0,3,3,3,0,3,2
588,65,Female,Edwardston,4,0,0,4,2,3,4,3,2,0,5,0
589,47,Male,East Eric,3,1,0,0,4,5,2,5,2,3,2,1
590,56,Male,Matthewport,3,2,1,0,0,0,0,5,4,5,3,3
591,19,Male,Kirkside,5,0,1,3,2,2,5,3,4,4,4,2
592,27,Male,Port Carrieview,3,1,0,5,1,4,2,3,4,4,1,0
593,43,Male,Longville,2,0,2,0,3,5,4,4,2,5,3,0
594,47,Female,Montoyachester,2,1,1,4,2,4,0,1,0,4,1,1
595,77,Female,Katherinebury,4,1,3,5,2,5,3,0,5,1,4,1
596,73,Male,East Brittany,0,4,2,1,2,5,0,0,4,4,0,2
597,30,Female,Karenburgh,4,4,0,2,2,3,3,5,3,3,5,0
598,51,Male,West Matthew,2,5,0,3,5,1,2,2,0,0,0,0
599,26,Female,Ellismouth,0,0,0,4,2,3,0,2,5,0,0,2
600,21,Female,Shawnmouth,1,0,4,2,3,1,2,3,0,2,0,4
601,39,Male,South Daniel,4,3,5,5,2,5,4,2,3,3,4,5
602,79,Male,Michelleville,1,1,0,5,1,1,1,4,0,2,0,5
603,36,Female,Michaelport,4,4,2,5,1,5,3,4,2,5,5,5
604,47,Female,Reynoldsland,3,5,1,2,3,1,4,5,0,0,1,1
605,31,Male,Port Daniel,2,4,0,5,0,3,0,3,2,5,2,1
606,29,Male,West Lisa,3,0,4,0,3,5,4,3,0,4,3,2
607,76,Female,Deleonchester,5,4,5,4,1,5,5,2,3,0,0,0
608,76,Female,North Robertfort,0,1,5,5,5,0,1,5,4,4,0,5
609,25,Male,Andrewsstad,2,4,2,1,5,3,5,1,3,2,2,2
610,35,Female,Justinfurt,5,4,0,2,3,4,1,2,4,1,0,1
611,33,Male,Carmenborough,1,5,4,3,3,3,2,0,3,1,4,4
612,57,Female,North Crystal,0,0,2,1,0,0,0,3,4,5,3,2
613,40,Female,North Ashleyside,5,4,2,3,1,0,0,4,5,4,0,2
614,41,Female,North Patricia,1,4,2,0,1,1,4,3,4,2,2,0
615,66,Male,New Brittneyburgh,5,2,0,2,2,3,4,1,0,5,3,2
616,35,Female,New Lisa,2,1,5,1,5,0,4,2,1,4,3,2
617,64,Female,East Leah,5,0,0,5,0,1,4,0,1,1,3,3
618,42,Female,West Eugenefurt,4,4,2,3,4,1,3,5,1,4,3,1
619,74,Female,West Jasminefurt,1,3,2,0,4,2,1,0,5,4,0,1
620,40,Male,South Brandonton,5,1,2,1,2,2,4,2,1,0,2,0
621,73,Male,East Michaelfort,1,4,3,4,4,5,0,5,2,5,4,3
622,77,Male,Lake Wesley,0,3,3,2,2,5,5,0,3,0,1,1
623,71,Male,Chavezhaven,4,5,1,0,0,1,0,3,1,3,0,1
624,55,Male,South Barbara,2,0,2,0,3,5,1,1,3,0,4,0
625,53,Male,South Williamfurt,1,0,4,4,5,3,4,1,5,3,3,4
626,59,Male,Adamhaven,3,2,1,3,5,1,4,4,2,5,5,3
627,57,Male,Lake Casey,4,1,4,2,4,4,4,4,0,2,2,2
628,18,Female,East Charlesside,3,3,5,2,3,5,4,1,0,3,0,4
629,29,Male,New Dylanport,5,2,2,1,0,4,4,0,5,0,0,1
630,32,Female,Stephanieborough,3,1,1,5,3,1,5,3,2,4,2,1
631,45,Female,South William,2,5,4,4,0,1,0,5,5,1,4,0
632,19,Female,West Amanda,1,2,0,5,3,0,5,2,4,3,3,5
633,38,Female,East Tylerville,5,1,0,4,4,4,3,4,4,5,0,5
634,23,Female,Mortonstad,1,4,3,0,3,4,3,1,3,0,0,2
635,48,Male,South Sarahland,1,0,4,0,5,2,3,1,3,1,1,5
636,71,Male,North Annafort,5,0,3,3,1,2,5,3,2,5,2,0
637,59,Female,South Rebeccaton,2,3,2,4,0,4,5,1,1,0,3,3
638,66,Male,Jonesport,2,5,2,1,0,5,2,2,1,3,3,4
639,63,Male,New Jaredmouth,5,2,5,1,4,2,4,2,5,0,4,0
640,39,Female,Murphychester,5,4,0,4,4,3,5,1,1,0,1,5
641,61,Male,New Georgeburgh,5,4,2,0,4,1,0,4,1,5,1,4
642,57,Female,East Deborahton,0,1,4,3,0,1,4,1,3,2,3,3
643,43,Male,Robertsberg,3,3,3,4,3,2,5,0,0,2,3,3
644,70,Male,North Susanhaven,2,4,3,5,4,3,2,3,2,0,0,1
645,71,Male,Gregoryview,1,2,5,1,5,0,5,4,3,4,1,2
646,68,Female,Aguirreburgh,2,1,2,2,4,2,0,3,0,4,0,3
647,76,Female,Anneton,3,3,0,3,5,3,3,0,2,5,3,1
648,66,Male,Kimberg,5,1,0,3,2,4,4,2,2,2,4,5
649,71,Male,Toddshire,2,1,0,4,0,3,3,2,4,4,4,3
650,46,Female,Gonzalezbury,5,4,0,3,3,4,3,2,4,2,2,2
651,31,Male,Harrisfurt,2,2,1,4,1,3,2,5,3,3,4,1
652,30,Male,New Andrewton,3,4,0,4,4,1,5,3,4,4,2,0
653,30,Female,North Katherinechester,2,5,2,0,5,4,2,5,5,2,4,4
654,80,Female,Port Joshua,4,4,4,4,3,1,3,2,0,0,3,3
655,78,Male,Clayberg,0,4,4,2,0,4,5,3,3,2,2,5
656,80,Female,Thomasmouth,1,0,5,1,3,4,3,1,2,5,4,3
657,59,Female,New Joshua,5,4,2,3,2,4,1,4,4,3,5,3
658,38,Female,Wileyville,1,4,2,1,3,4,5,3,4,1,3,4
659,31,Male,East Maria,2,1,2,0,5,5,1,4,0,5,3,1
660,71,Female,Clarkfurt,2,1,5,1,4,1,4,5,3,0,3,2
661,76,Female,Christinahaven,2,3,0,1,3,2,4,2,5,2,3,3
662,58,Male,Sandersstad,2,1,4,2,0,1,3,1,2,2,1,2
663,74,Female,South Reneestad,2,1,3,4,5,0,0,1,3,1,3,4
664,49,Male,North Cynthiaberg,4,0,1,1,5,1,1,5,1,2,2,3
665,25,Male,Burkechester,4,5,4,5,4,3,5,0,0,3,0,4
666,55,Female,Leebury,1,4,3,1,2,5,3,2,4,3,2,2
667,80,Male,Barronview,0,4,5,1,2,4,5,2,4,1,4,5
668,60,Female,Matthewmouth,5,3,1,2,4,4,0,1,0,1,3,5
669,37,Female,Johnsonberg,2,5,1,3,4,4,1,0,5,3,4,5
670,43,Female,East Sheilachester,3,5,3,1,0,5,4,1,5,1,4,2
671,20,Male,Bondchester,4,4,0,2,4,4,4,5,4,1,2,0
672,35,Male,Hernandezfurt,2,1,4,3,0,1,2,2,1,5,0,0
673,28,Female,East Marioburgh,3,0,0,2,1,4,3,0,4,2,3,4
674,29,Female,Shawfurt,4,2,5,1,2,5,4,3,5,5,2,4
675,72,Female,Aliciaside,4,4,4,1,5,5,0,3,0,5,5,4
676,76,Male,Stacychester,0,4,2,5,3,4,2,1,1,4,1,5
677,49,Female,Karenview,1,2,3,3,5,5,5,3,2,5,0,0
678,61,Female,West Charlesfort,5,4,4,0,1,0,3,4,0,0,1,5
679,44,Male,Port Ryanfurt,3,1,2,1,1,5,2,3,0,0,3,1
680,30,Female,Jamesmouth,3,4,1,2,2,5,5,0,3,2,1,0
681,37,Male,Marybury,4,5,0,3,1,3,5,4,1,1,4,1
682,71,Female,Sanchezville,2,3,3,2,5,0,5,1,0,2,0,1
683,18,Male,Dakotaborough,4,5,0,0,3,2,1,2,0,0,1,3
684,43,Male,Vincentstad,4,0,1,2,0,4,3,1,3,2,4,2
685,45,Female,Martinfurt,2,2,0,4,2,5,0,4,5,2,0,4
686,36,Female,Lake Matthewburgh,3,3,4,2,4,4,2,3,2,2,3,5
687,37,Female,North Donaldbury,1,4,3,2,2,4,1,3,0,0,1,2
688,36,Male,Jeffreyfurt,4,4,1,0,3,1,3,0,3,3,5,4
689,69,Male,New Suzanne,1,0,4,1,4,1,3,2,4,5,2,3
690,46,Male,Port Rosefort,2,3,3,4,4,4,1,3,0,0,4,1
691,46,Male,Nicholasfort,3,0,2,5,3,2,0,4,3,1,2,2
692,19,Female,Whiteland,3,1,4,0,2,3,5,4,4,5,5,3
693,74,Male,Jamesfort,4,1,2,0,5,2,5,1,4,0,2,4
694,74,Male,Port Benjamin,1,0,2,2,1,2,5,3,1,3,3,1
695,78,Male,Churchville,2,5,2,4,2,2,4,0,0,0,2,0
696,80,Female,Hollandfort,4,2,4,3,5,2,4,0,1,3,1,3
697,18,Male,South Elizabeth,5,5,1,2,3,5,0,3,2,5,3,3
698,71,Female,Websterchester,3,0,3,0,3,2,5,0,0,3,0,2
699,37,Female,South Tammy,5,0,4,5,2,3,0,1,4,0,5,3
700,26,Female,South Hollyberg,0,5,3,3,4,3,3,2,4,2,0,1
701,62,Male,Thompsonmouth,1,2,4,3,4,3,5,5,3,4,2,2
702,47,Male,Tonybury,0,4,1,2,4,5,1,4,2,3,1,2
703,69,Male,New Nicole,3,3,4,3,1,4,4,4,4,3,3,2
704,24,Female,Atkinsstad,2,0,3,1,4,2,1,0,0,1,4,3
705,59,Male,Port Brendaberg,5,3,3,3,5,1,1,2,4,0,4,4
706,65,Female,Lake Ryanfurt,0,1,4,2,4,1,3,5,3,5,2,2
707,23,Female,East Bethfurt,2,5,3,1,3,0,0,0,5,4,1,3
708,62,Male,Stephenbury,0,0,1,5,3,2,1,3,0,1,4,4
709,51,Female,Ericborough,2,4,3,5,5,2,5,2,2,4,4,0
710,70,Female,Aaronbury,5,4,3,5,2,2,4,4,2,2,2,3
711,58,Male,Matthewfurt,3,4,2,4,1,0,5,5,2,4,4,3
712,18,Female,Port Tiffanymouth,0,1,5,4,4,0,4,0,0,1,0,4
713,20,Male,Jenniferchester,1,0,0,4,1,2,3,2,1,1,4,2
714,35,Male,East Williamfurt,4,4,1,1,2,0,3,4,5,3,0,4
715,48,Male,Lake Kevinburgh,1,0,1,3,2,1,5,0,4,4,3,0
716,42,Female,New Isaiah,3,5,1,3,5,4,0,3,0,2,5,2
717,72,Male,New Adam,1,3,4,0,1,4,4,4,4,0,0,3
718,53,Male,Castilloburgh,3,4,0,1,5,3,5,3,4,3,0,3
719,52,Female,Weberbury,3,5,5,0,1,3,2,5,0,4,2,4
720,71,Male,Hodgesborough,4,4,2,1,1,5,3,3,3,2,3,5
721,21,Male,Leeview,0,5,3,1,2,2,3,0,1,3,4,5
722,54,Female,Rosechester,0,2,1,0,5,0,0,0,4,1,4,1
723,40,Male,New Jim,5,3,2,1,0,2,5,1,4,5,4,3
724,66,Female,Tylerbury,1,5,3,1,5,1,3,3,0,0,4,5
725,43,Female,South Brandonshire,3,0,5,2,4,5,3,2,1,5,1,3
726,68,Female,South Katiehaven,0,4,1,5,4,3,3,3,5,0,5,4
727,78,Female,Hamiltonmouth,0,5,0,2,5,0,4,1,2,1,1,5
728,35,Male,Lake Candiceburgh,1,1,3,5,3,3,0,3,4,2,2,3
729,55,Male,South Kimberly,3,1,0,5,3,5,4,4,3,3,2,2
730,44,Female,West Thomas,1,0,3,5,4,4,4,0,1,0,0,2
731,23,Female,Jonesfurt,4,5,3,3,1,0,0,2,5,5,2,3
732,27,Female,New Lisaville,4,5,4,5,4,4,3,0,1,4,1,0
733,52,Male,Spencerborough,3,0,4,5,2,5,2,1,0,2,3,2
734,75,Male,Pittsstad,5,1,5,1,2,4,5,1,1,1,1,3
735,18,Male,Port Rebecca,2,4,2,1,3,2,3,5,0,2,4,2
736,63,Female,New Donna,3,4,1,1,2,4,2,4,4,2,5,3
737,79,Female,Seanbury,5,3,0,3,0,3,0,0,2,1,2,5
738,58,Female,Adamstown,0,5,4,2,4,2,5,3,5,4,4,3
739,67,Female,North George,2,1,4,4,5,1,3,0,1,3,5,1
740,72,Male,Romerohaven,3,5,0,3,3,1,4,2,4,5,0,4
741,33,Male,South Laceyburgh,0,2,5,4,3,3,4,4,0,1,1,4
742,73,Male,Robinsonburgh,3,0,5,4,0,5,1,0,4,3,0,3
743,68,Female,Danielview,1,5,4,4,1,0,0,1,0,0,4,4
744,21,Female,West Jessica,0,4,4,4,2,4,4,5,0,0,3,0
745,42,Female,Jenkinsborough,0,3,2,0,0,5,4,2,1,2,0,0
746,74,Male,Michaelchester,1,2,3,1,5,1,1,1,1,5,0,5
747,19,Male,North David,1,3,2,4,5,3,1,2,2,4,1,0
748,60,Male,Port Katiemouth,4,3,1,3,4,5,2,4,2,1,2,0
749,52,Male,Simmonsmouth,3,5,1,4,3,1,1,1,5,5,4,4
750,55,Male,Josephview,1,4,2,3,5,3,0,4,1,2,3,4
751,46,Male,Robertport,1,1,3,1,3,3,0,3,1,3,3,5
752,27,Female,Wilsontown,0,1,3,4,2,0,5,1,0,2,5,5
753,43,Male,Michaelville,4,1,3,2,2,1,4,5,4,3,3,2
754,79,Male,Port Pamelahaven,2,3,4,5,1,1,1,3,0,2,2,4
755,78,Female,New Davidhaven,0,0,5,1,0,2,0,1,3,1,2,4
756,53,Male,Mcclainshire,2,0,0,3,0,0,3,2,3,2,2,4
757,64,Male,Ashleyville,1,3,1,3,1,3,4,4,1,4,4,2
758,29,Male,Port Benjamin,4,4,4,4,0,1,4,5,0,3,0,4
759,31,Male,Dawnchester,4,2,5,1,0,1,1,2,2,4,3,5
760,20,Female,Robinsonbury,3,3,3,3,1,4,3,5,2,4,4,2
761,76,Female,Port Kathleen,0,0,3,4,3,4,2,2,3,3,3,3
762,75,Female,Mathewborough,3,2,5,5,2,0,4,0,4,0,2,0
763,58,Female,New Faith,3,0,2,1,5,1,5,5,4,2,2,0
764,44,Female,West Heatherberg,1,0,5,0,0,5,3,1,0,5,2,1
765,41,Female,New Joannville,0,5,1,0,0,5,1,1,1,1,2,1
766,40,Female,Susanstad,3,4,0,2,5,4,0,5,2,5,0,5
767,31,Female,South Kelseyhaven,4,1,5,4,5,3,0,0,2,0,0,1
768,64,Female,Lake Adam,3,4,4,1,0,2,1,0,0,2,3,4
769,51,Female,West Normafurt,1,1,0,0,4,1,3,0,0,5,4,0
770,62,Male,Brianfurt,1,0,0,4,4,5,1,2,3,4,0,5
771,30,Female,West Elizabeth,0,5,4,5,5,3,1,1,4,0,1,2
772,19,Female,North Thomasbury,3,3,5,2,4,2,1,5,2,4,1,4
773,31,Male,Kathyside,4,5,3,0,0,5,5,4,1,4,3,0
774,67,Male,Turnerstad,1,2,1,3,3,4,3,3,5,3,2,2
775,20,Female,Barkerview,2,5,0,3,5,3,3,4,0,2,1,2
776,46,Male,Lake Michelle,3,0,5,1,4,2,4,0,0,3,3,0
777,41,Female,Ballhaven,4,1,4,4,0,4,4,0,1,0,4,5
778,33,Male,Johnsonside,0,4,0,2,1,4,3,2,3,4,3,0
779,28,Male,North Billyport,2,0,1,5,3,2,4,3,1,5,1,5
780,46,Male,New Shannon,2,1,1,0,4,1,5,5,0,5,4,4
781,27,Male,Jessicaside,1,5,2,4,0,2,2,2,5,3,1,4
782,42,Male,South Brenda,0,4,4,3,1,0,4,5,3,4,4,3
783,46,Female,Aaronfort,0,4,1,1,0,1,3,2,0,0,3,3
784,54,Female,Knappfurt,4,3,3,4,1,0,5,2,3,2,4,4
785,21,Female,Bethanyshire,2,2,4,2,2,5,1,3,4,5,3,1
786,55,Male,Port Leslieland,1,1,0,2,2,3,3,4,4,5,1,2
787,57,Male,Port Alejandroside,3,5,3,0,2,2,5,4,5,3,5,3
788,80,Female,Samanthafurt,0,1,5,1,0,3,4,1,0,5,0,5
789,41,Female,New Ericastad,0,2,2,0,4,2,1,5,1,0,1,5
790,47,Male,Yvonnestad,3,0,0,2,0,3,2,3,1,5,1,1
791,57,Female,Thomasview,5,5,0,1,4,4,1,3,2,5,2,1
792,58,Female,Wyattport,1,3,2,3,3,5,2,3,5,3,2,5
793,18,Female,Lake Charles,0,5,1,1,5,4,4,4,2,4,4,5
794,55,Female,Walkertown,4,0,1,3,5,2,0,2,0,4,3,3
795,60,Female,East Kendramouth,2,4,5,1,4,2,4,3,3,1,3,2
796,71,Female,Gillview,3,0,4,4,0,2,1,4,4,4,0,4
797,47,Male,Tiffanymouth,5,5,5,3,2,0,5,0,1,4,1,2
798,38,Female,West Wendy,3,2,3,2,2,2,1,4,2,2,1,5
799,65,Male,Raychester,2,3,4,1,4,2,3,0,5,2,1,4
800,78,Male,Taylormouth,2,2,1,3,5,3,4,1,4,1,1,0
801,71,Female,New Emma,4,3,1,5,1,4,5,0,5,3,1,5
802,38,Male,Rachelmouth,0,3,1,2,5,2,3,5,2,4,0,2
803,74,Male,Anthonychester,1,2,4,3,4,0,1,1,5,5,3,4
804,25,Male,South Stacy,1,2,5,0,1,5,1,5,3,5,2,0
805,77,Male,Landryport,5,4,4,1,0,5,0,5,3,3,4,3
806,73,Male,Martinezland,5,1,5,3,2,3,5,2,1,0,1,2
807,73,Male,Sanchezshire,5,2,0,3,2,3,5,2,5,3,3,1
808,44,Female,Davisburgh,2,2,2,1,0,3,4,3,2,3,2,0
809,37,Male,New Brenda,0,4,4,3,5,1,0,0,3,5,0,4
810,74,Male,New Anthony,0,0,3,5,1,5,5,2,3,3,2,5
811,55,Male,Meredithburgh,2,5,4,5,2,1,4,1,5,1,2,3
812,71,Female,West Danielletown,0,0,1,2,2,4,2,3,4,0,1,1
813,44,Male,Martinview,4,2,3,1,3,5,2,3,1,2,3,4
814,61,Female,Jennifershire,2,4,5,0,3,0,5,4,1,2,3,1
815,70,Male,North Steven,0,1,1,0,0,0,3,3,3,0,4,0
816,36,Male,Huynhmouth,5,3,1,3,0,0,3,2,1,0,2,2
817,71,Male,North Teresa,1,5,1,4,4,3,1,3,2,2,4,0
818,55,Female,New Catherine,3,2,3,0,0,2,0,1,4,5,4,3
819,46,Male,Lake Valerieshire,0,3,3,3,3,1,3,5,3,5,4,1
820,64,Female,New Brendafurt,4,2,2,3,2,2,3,1,4,4,5,5
821,51,Male,East Mariafort,2,5,3,2,2,2,5,0,5,3,3,0
822,60,Female,Lake Tabitha,2,3,1,2,4,0,0,0,3,1,0,4
823,43,Female,Sharontown,0,5,1,2,3,2,0,4,0,3,3,5
824,59,Female,East Michelleside,3,4,3,1,2,0,1,4,0,0,3,4
825,26,Male,North Chadtown,3,3,0,3,0,1,4,5,1,4,5,1
826,24,Female,Deborahland,2,2,5,0,4,4,1,0,4,1,4,3
827,60,Male,Vaughnburgh,5,3,3,5,3,5,0,4,5,2,5,4
828,43,Female,East Billy,5,1,3,1,5,5,1,2,4,0,3,0
829,77,Female,Ryanstad,2,2,1,0,5,4,1,2,1,2,5,2
830,54,Female,Lindsayville,2,4,5,1,4,3,3,2,5,4,4,0
831,37,Male,Port Catherine,2,3,0,2,4,3,3,5,3,3,5,5
832,40,Male,North Brittanytown,2,4,5,2,1,5,5,5,3,1,5,1
833,57,Female,South Nancy,1,5,4,2,0,4,4,4,3,2,0,1
834,59,Female,Derrickland,5,4,3,1,4,2,5,3,0,0,1,3
835,73,Female,East Theresa,1,5,3,4,3,4,5,1,3,2,0,3
836,33,Male,Crawfordhaven,3,2,0,1,1,5,1,1,5,2,1,5
837,73,Male,Tammyshire,3,4,5,1,0,2,1,5,5,4,0,1
838,77,Female,West Diamondland,4,4,1,2,1,3,0,2,4,4,1,5
839,37,Female,Gentrymouth,5,5,3,0,5,0,5,1,4,4,1,5
840,60,Male,North Alice,1,0,3,4,0,5,5,0,0,2,2,5
841,50,Female,South Brittanyborough,5,1,5,5,5,1,1,2,4,4,4,1
842,35,Male,Port Jaclyn,2,3,2,1,5,0,3,0,3,1,5,0
843,39,Male,Lake Michelehaven,0,3,1,0,3,0,3,0,3,1,4,1
844,43,Female,Floresfurt,1,1,4,0,4,3,0,1,0,0,4,2
845,29,Female,South Charles,1,2,2,1,0,3,3,4,4,5,1,0
846,48,Female,Brownhaven,4,1,0,3,0,5,3,4,5,1,5,1
847,78,Female,New Lynnton,1,2,2,2,5,1,3,3,4,2,5,0
848,71,Male,Juliamouth,4,2,2,3,0,0,1,3,1,4,5,2
849,54,Male,Port Melvinstad,0,0,2,1,3,4,1,4,5,4,2,0
850,41,Male,East Sean,2,1,5,1,3,4,0,0,4,0,4,5
851,39,Male,Emilyberg,5,4,3,1,3,1,5,2,5,5,4,1
852,58,Female,South Melanie,1,0,1,2,4,4,3,1,0,1,4,2
853,20,Male,Riceside,4,4,0,0,2,2,0,5,0,4,0,5
854,19,Female,Santosberg,4,4,1,1,0,0,4,3,4,5,2,3
855,25,Female,Lake Kathryn,1,5,1,2,3,0,3,5,5,3,0,0
856,21,Male,South Williamberg,1,4,1,1,2,5,0,0,3,3,5,4
857,71,Female,Russellton,0,0,2,4,2,5,5,0,3,0,2,5
858,48,Male,South Laura,2,4,1,2,4,4,2,5,0,2,1,4
859,27,Female,Reneeberg,1,5,5,0,4,1,1,1,2,1,4,0
860,43,Male,Simmonsfort,0,5,3,2,5,5,5,3,2,0,0,0
861,73,Male,Lake Larry,4,1,3,4,4,0,5,5,0,2,5,0
862,34,Female,North Lori,3,5,1,5,2,2,1,3,1,1,1,3
863,39,Male,Port Jennifer,3,5,4,4,2,0,2,2,0,4,3,5
864,20,Male,North Cameronshire,1,5,2,5,5,4,2,0,0,0,5,1
865,19,Female,Maryport,2,2,5,2,5,2,3,2,0,1,0,1
866,71,Male,Archerview,4,1,5,5,1,0,5,2,1,4,4,1
867,69,Female,New Nicoleborough,5,5,2,2,2,5,3,4,1,3,0,4
868,28,Male,Port Rebecca,1,2,2,1,5,2,2,3,5,3,1,4
869,73,Female,Nicolehaven,0,3,2,0,1,2,0,4,2,2,1,2
870,58,Female,North Jacobborough,2,3,0,1,4,4,2,4,4,0,5,4
871,49,Female,Lindseyborough,3,5,3,3,2,5,4,2,0,0,4,1
872,19,Female,Lake Arthurmouth,2,3,5,4,2,2,0,5,4,5,0,5
873,39,Female,Matthewhaven,5,3,0,3,4,0,4,1,1,4,1,5
874,28,Male,Deckerhaven,3,0,0,2,4,4,4,4,3,3,2,2
875,65,Male,Dwayneside,3,0,1,0,5,1,2,4,5,1,2,1
876,54,Male,Port Derekport,5,5,5,1,1,0,3,2,3,5,0,3
877,31,Male,Port Amy,0,4,0,0,4,3,2,1,1,0,4,5
878,80,Female,South Megan,2,2,5,2,0,1,5,0,3,3,2,1
879,70,Female,Port Alexis,4,3,4,1,3,4,0,3,3,3,2,1
880,69,Male,New Warrenland,2,1,0,3,1,2,2,0,1,2,3,2
881,71,Male,East Amandaberg,5,4,2,2,1,5,2,1,4,0,0,1
882,20,Male,West Jeffburgh,1,5,2,1,4,1,5,4,2,0,3,2
883,62,Male,East Jeffreyside,0,5,0,1,2,0,0,2,1,2,1,0
884,45,Female,New Stephanie,3,3,5,5,0,2,3,0,1,5,0,1
885,30,Female,Orrtown,2,5,5,3,5,2,3,1,0,5,1,5
886,72,Female,New Jaimestad,1,1,0,5,0,2,0,4,5,3,0,5
887,41,Female,Port Rodneymouth,2,4,5,4,4,1,4,0,3,1,3,3
888,74,Male,Maryburgh,3,5,1,2,1,4,5,1,4,4,1,2
889,31,Male,Nolanmouth,3,4,1,1,1,4,1,0,5,5,3,0
890,69,Female,Lake Tammy,5,2,5,3,5,5,1,1,3,1,5,2
891,53,Female,Hernandezshire,1,1,2,5,3,1,0,0,0,2,2,2
892,30,Male,Richardhaven,5,5,5,1,1,4,4,4,5,0,4,4
893,55,Male,Port Joshua,2,3,1,5,4,5,2,2,1,0,5,5
894,54,Female,Port Jennifer,5,0,5,0,4,4,3,5,3,0,1,3
895,26,Female,Garciafort,4,3,1,2,3,4,0,1,4,3,2,1
896,25,Male,Hallshire,1,2,5,3,1,5,4,4,1,3,4,2
897,27,Male,West Samantha,1,5,5,4,5,3,1,2,1,4,5,3
898,65,Female,North Mikestad,1,2,0,4,0,5,1,0,4,2,3,3
899,72,Male,New Amyport,0,3,4,2,0,2,1,5,1,2,3,4
900,31,Female,New Troy,1,1,1,0,2,0,1,4,3,4,1,4
901,59,Female,Joneston,0,0,1,3,3,5,0,4,5,2,4,1
902,24,Female,Whiteton,1,4,4,3,5,3,0,2,4,3,3,4
903,62,Male,Jacksonstad,5,0,5,3,3,2,5,4,4,3,5,3
904,19,Male,Port Edward,4,3,0,1,1,4,3,0,5,4,5,0
905,56,Male,Cartermouth,5,0,4,0,4,5,4,5,2,3,4,2
906,21,Male,South Ian,5,4,0,3,1,1,5,4,1,2,0,1
907,50,Female,New Jameston,0,5,1,3,5,2,5,5,3,4,5,3
908,19,Male,Lake Jeffery,1,3,0,0,3,2,3,3,1,2,4,1
909,44,Female,Donovanstad,1,2,0,1,2,3,1,1,2,4,1,1
910,48,Male,Kimberlyshire,0,2,1,5,3,0,2,3,0,2,5,4
911,19,Male,Gutierrezfurt,1,2,0,1,2,0,1,0,2,2,1,4
912,43,Female,Morganmouth,1,5,5,5,4,2,4,5,3,4,5,4
913,28,Male,Reedbury,4,3,2,3,3,4,4,1,3,1,2,3
914,38,Female,Williamsview,0,5,3,3,1,5,3,5,4,0,2,3
915,39,Female,West Alexander,4,3,5,1,1,1,0,1,4,3,1,0
916,30,Female,Lisaton,5,5,3,3,0,1,1,4,4,3,5,4
917,21,Female,Bryantown,1,2,1,1,2,5,5,1,0,1,3,5
918,74,Male,North Rickytown,3,1,4,5,0,2,4,4,1,2,1,5
919,49,Male,Patrickchester,3,3,3,4,1,5,0,5,3,2,0,0
920,55,Male,Lynchtown,3,5,5,5,3,5,3,3,3,0,4,3
921,37,Female,Grahamton,4,1,3,5,3,5,3,3,2,4,3,5
922,41,Female,Lake Ronniechester,0,4,5,0,4,2,5,1,3,2,0,3
923,34,Female,West Nichole,5,2,3,1,0,5,1,3,2,4,3,0
924,52,Female,Lake Micheleton,1,0,4,1,5,3,3,0,0,5,2,3
925,43,Female,South Jenniferberg,4,1,4,5,2,5,3,4,1,4,1,5
926,43,Female,Alexanderberg,5,2,4,3,3,3,4,0,2,3,3,3
927,80,Female,Mariastad,2,0,5,0,0,5,4,3,0,1,5,4
928,31,Male,Elizabethbury,3,4,4,0,2,1,0,1,3,1,2,1
929,70,Male,West Jennifer,4,2,2,5,3,0,1,1,1,2,1,3
930,79,Female,Jimenezburgh,1,2,2,2,3,4,0,4,4,3,0,4
931,78,Male,Port Samuelport,1,2,4,3,1,1,5,0,1,0,4,1
932,65,Female,Hendersonview,2,5,0,0,0,1,3,4,1,3,5,1
933,79,Female,Suzannefort,1,3,1,5,5,4,5,2,5,0,1,4
934,63,Female,East Williammouth,5,0,0,3,0,1,0,4,5,4,1,1
935,20,Male,East Jodyburgh,1,3,3,1,2,5,3,4,3,2,1,3
936,35,Female,West Gavin,5,1,5,0,5,1,4,0,2,2,5,4
937,21,Male,Anthonyland,0,3,5,3,0,1,0,3,2,2,5,3
938,40,Female,Lindsaychester,0,3,5,3,5,2,5,0,1,1,5,3
939,42,Male,Nicholasfort,0,3,1,2,2,1,2,5,1,3,0,3
940,32,Male,West Andrewville,3,3,3,0,3,3,5,3,4,3,2,5
941,72,Female,South Jenna,4,3,0,3,4,0,3,3,3,4,5,4
942,49,Female,Powersbury,2,0,3,5,4,3,0,3,1,3,2,3
943,18,Male,South Jody,3,3,3,5,3,1,1,3,2,1,5,2
944,42,Male,East Michael,0,3,2,3,4,4,1,0,3,5,0,4
945,19,Male,Lake Suzanneville,5,2,2,1,2,0,0,2,2,2,2,5
946,73,Male,Lake Kellyville,2,5,2,4,1,1,4,2,2,1,5,3
947,61,Female,East Mark,4,0,2,0,0,2,0,2,3,0,1,5
948,35,Female,Maryville,2,2,4,1,0,5,0,0,2,1,2,4
949,34,Female,South Mark,3,3,5,2,1,5,5,1,4,3,4,3
950,47,Female,East Julieburgh,1,4,2,1,2,1,5,0,0,1,5,3
951,56,Male,Victortown,2,2,3,0,2,4,5,4,3,5,2,1
952,25,Male,West Michael,4,3,2,3,4,5,1,3,0,2,0,4
953,21,Male,North John,1,2,1,0,2,5,0,4,0,4,1,5
954,50,Male,Lake Hannah,1,1,0,4,3,3,2,5,5,0,3,5
955,77,Male,Gomezburgh,5,0,2,4,1,0,5,4,2,2,3,1
956,35,Female,New Katherine,0,4,0,5,1,4,2,3,4,5,2,0
957,58,Female,Jenniferstad,5,3,0,3,5,5,4,3,3,5,4,2
958,80,Male,Lake Hollybury,1,2,0,0,0,1,0,4,0,1,4,4
959,77,Female,Port Norman,5,0,0,4,3,4,2,5,1,0,3,5
960,25,Female,South Jessica,0,5,2,2,1,0,5,2,5,5,0,2
961,69,Female,East Annmouth,1,5,3,1,3,5,3,2,4,2,3,4
962,64,Female,Hortonview,5,4,0,0,0,4,1,1,2,5,5,4
963,77,Female,Lake Ashley,4,4,3,0,0,4,1,2,2,3,2,0
964,26,Female,Weberport,0,2,3,2,2,2,0,2,2,0,4,2
965,24,Male,West Taylortown,0,4,3,0,4,2,5,1,1,1,4,2
966,35,Male,Vanessaburgh,1,0,4,1,5,2,5,3,0,2,2,1
967,68,Female,Port Stevenstad,4,5,4,2,0,3,3,5,1,0,4,4
968,60,Male,Jamesland,0,3,5,4,0,3,5,0,5,2,0,1
969,54,Female,Nicholeside,5,0,5,5,0,2,4,0,5,3,5,4
970,43,Male,Laurenmouth,0,2,2,5,2,5,2,0,3,0,2,4
971,73,Female,Hodgeview,1,1,1,5,0,1,5,3,0,1,1,5
972,65,Female,East Joebury,0,5,1,0,3,0,3,0,0,1,1,4
973,25,Male,Derrickport,1,1,4,4,2,2,1,3,4,1,0,1
974,51,Male,Shelbyburgh,4,1,0,1,1,2,2,1,1,4,5,3
975,59,Male,Palmerside,0,4,5,2,2,2,3,2,5,1,0,0
976,62,Male,Elizabethmouth,2,2,2,1,4,1,1,2,3,5,3,4
977,56,Female,Port Stephanie,4,4,2,3,2,0,0,0,4,2,2,0
978,51,Female,Jillchester,1,0,4,1,3,2,0,5,2,4,3,4
979,19,Female,Adamborough,3,2,5,2,2,0,2,0,5,1,3,5
980,46,Male,West Julia,4,2,4,5,5,0,4,2,4,5,4,1
981,48,Female,Aguilarberg,2,4,3,2,5,2,3,1,1,1,1,2
982,44,Female,East Biancaborough,5,4,5,0,5,1,1,0,2,0,5,5
983,23,Female,Stephensburgh,2,5,0,0,2,0,2,4,0,4,4,3
984,37,Female,Nelsonland,2,2,4,2,2,3,4,4,2,5,0,2
985,32,Female,North Veronica,0,4,5,3,0,3,4,5,0,1,2,0
986,21,Female,Mayville,5,5,4,3,4,0,4,4,2,3,0,3
987,59,Female,North Robertfort,5,2,0,4,3,2,0,0,4,5,1,3
988,44,Male,South Ryanshire,4,5,2,3,0,4,0,3,4,1,3,2
989,38,Female,Lake Brandon,0,0,0,4,5,4,5,3,3,4,3,4
990,80,Female,Danielton,0,5,1,4,5,4,3,3,2,2,3,2
991,37,Female,West Sandra,4,2,2,5,4,2,5,0,4,5,5,2
992,21,Male,Garnerfurt,4,5,4,4,5,5,3,0,2,4,3,2
993,49,Male,Barronmouth,4,2,2,2,1,1,3,4,5,2,5,5
994,52,Female,Lake Laurie,1,1,2,2,3,1,1,0,4,2,4,3
995,49,Female,Chadfort,3,3,3,2,0,0,3,1,0,1,4,0
996,67,Male,Cookshire,1,2,2,3,1,0,3,4,4,3,3,2
997,39,Male,Ericaview,2,1,5,1,2,2,1,0,5,1,2,0
998,74,Male,North Shanestad,5,0,1,4,4,5,0,3,2,5,0,3
999,63,Male,Jamesport,1,0,0,3,1,5,2,3,1,3,1,3